user_id,item_id,rating,trip
4AA85639F8B25747FD2B513EA304C9E2,113883,4,COUPLES
2353707BCFCAD58E287766EEE990A896,95187,4,COUPLES
8927ED3E96566FAE108967FAE96DDC43,112188,5,SOLO
139CEBC96F44E378F980EC68749F0DC1,120045,4,SOLO
E0ED4B78D4FF92B9D2C3CDFE81D10D48,105443,3,FAMILY
33AF05DC364B26DE953354C32159039D,224887,4,SOLO
8B712AA7B40554900647A8D310886A1A,111521,5,SOLO
D16B93DE1F933EB561E94E28946C1C4E,92201,4,BUSINESS
7D27F97D7562DFF7A3BC853E72577703,125782,3,SOLO
DFD0B6F8A2194E3A13A3EC84D1CC839A,120426,4,SOLO
036EEC64945959E1A09650741F3A9B12,102577,3,FAMILY
847E842856A5665218F071214329D2C4,105180,4,SOLO
3D631CE5840569EFBE23BB9B4C34A65C,679044,5,FAMILY
3C2D446726E8585D98327E51DB494957,1049387,5,FAMILY
41986FEBAD9D6E5229EC9ADF5604575E,112092,3,FAMILY
86753A64A49C2B821F968C858DB480F1,76503,5,FAMILY
1609426679198144A65A85C951CEFEF3,102466,5,COUPLES
3C3DC200E46A0CE047E0F55F96F5A26A,77400,4,FRIENDS
DD02E029D24B2B15B1EA9D0AFC64414C,224279,3,BUSINESS
4FBA5DD5BBB0FF6B450CBFB0C76888CD,1307623,4,FAMILY
244F17E4F92257D6525001F091BCB254,1157336,3,COUPLES
8714DA6559F552906432E2C25D2DB848,83020,4,COUPLES
7B472A945D5D3003F04AE01E20EDC408,97704,5,BUSINESS
77E863CB71CF8AA9C834439C26F0EA84,1157336,4,BUSINESS
BFA7A6D1E5BFFA9FEACCBA74694639CE,321151,4,BUSINESS
08F83B66F034B7608739C581101438FB,287392,5,COUPLES
005A406ACD437714CC6CBE74F9AD7215,100938,5,SOLO
6C9D6DDAD7AF4AED1A94CF966EDD0A03,120056,5,SOLO
086CDAE1D9411966619E719DA1F7AF86,102033,4,FRIENDS
95D3FD0C33D1B70E2DA349088488732A,111530,5,SOLO
90B4B9A01D853F793D9BCF078C3E7ED2,112307,4,COUPLES
DDE0803B732AD99A55F3A39E751AF4EA,98673,5,COUPLES
591AB1AA593A96A6782479E99487DD16,619451,4,COUPLES
F2514A25ED829D375D144B63F4CEF17A,1200920,4,FAMILY
02B58A1231CECF055444C221DE3D1029,224155,3,COUPLES
F4D0935BC0C9BAA3D89B35ECB6EE4C75,125476,5,BUSINESS
66FE1C175E2142A2574BE9E95E82ECC8,258653,5,COUPLES
BEC9C00EAC91F5D5A6AF42DB8CA53BDD,614244,4,COUPLES
063C372B0B17A821809D40B200101E38,2145855,4,COUPLES
3F7642B4AFB0D6F8CBD805B41B912F28,782678,4,BUSINESS
85709760FEDCECBB6AF8CA29D1220633,1189576,4,FAMILY
0DEB27DA931EB948FF0C3534AE03F0ED,1048655,5,FAMILY
6C62B19C4DB8C600576B763C68AF0759,620703,4,COUPLES
1616EED9B3ABA978521D555B31170BC4,111521,3,COUPLES
89B51333F1476ED1869D0617987F022B,513075,4,COUPLES
226D381E07E1940CDADD2578F0C853FA,1199588,4,BUSINESS
2C9A76D4F2A584940A8AF4F0240185DE,95212,3,COUPLES
1255C667DC82BDD3DE552F2C548D66E0,95215,5,SOLO
32233BB6CDE605128CF6631E8511AA6E,224948,5,SOLO
C49DD3DB652DD948621FA2BD3971739E,112092,5,FAMILY
5A73531882A0A1EC70DA2D4384FCC790,653206,5,SOLO
584CC5733C77A5ADDD032863FF0B6FF0,220243,4,COUPLES
106952AB894E1236A6094B030DD73C8F,277946,5,BUSINESS
3C7230E8D178CB7C69EB1E74B7084ED8,95145,4,COUPLES
AB1DB6951B4AC73D77E1B5C68E972F07,84064,3,SOLO
9C383D6B1D783CC66BC1D16E8EB4AAFF,74575,4,FAMILY
9E4180E1B7994B50726E8C7613E1F45B,1172031,4,SOLO
1CB4F883600D0BBD5C842D671FFC3F0C,75143,5,SOLO
BA6BEDA1842F3007A93B0F4CF814FB6A,94371,5,COUPLES
6C5B08EA785101C8B108DB1AD9AE00CF,1485961,4,BUSINESS
E0ED4B78D4FF92B9D2C3CDFE81D10D48,505787,3,FAMILY
DF989177A7585BF211C2F4C5C3D4D9D7,98188,4,BUSINESS
97F476E302F38AF3A709619DD7B7949A,1566903,3,FAMILY
26697D4B49A57BA92334EF8326DC6F76,1510002,4,COUPLES
122E288014A87B164AAD57A9731A28D5,235513,5,SOLO
3E557DFD465ED0605D4D95FFBB956259,89343,5,BUSINESS
C4C38EAC09B2F4B37AE1736028FB77AB,112196,5,COUPLES
E2F212A5985B8EFEE4F0B6428D9FBC67,217711,3,SOLO
4300D194C7DF650358F3447B196C7562,81126,4,BUSINESS
66E9E3255742AA503E4F96B24FE9022C,112132,4,COUPLES
F021F47754873189167DD3834F37984C,98710,4,SOLO
403F5D0604B736C01E34954D2574309A,499019,4,SOLO
73BED0524191DFB94AB901D12413517F,223195,1,BUSINESS
05D57A581E9DAE14FF2A054EB3709AB2,1236600,4,BUSINESS
0A6635D96CEA216E3F0B9B30D3E9BD3F,95186,5,BUSINESS
751B8AB07EC80B6D7A8453220789BFB0,94709,4,SOLO
6D1B4433BED6AE3E712182E0B397CCFE,1235866,4,COUPLES
646EB3D11A97F9DB8E8127FD6924091C,286542,5,COUPLES
22F6E9C5BF0F4B4047B0AB07A8B7E450,81126,5,SOLO
799E2A7FC93EA086C9DC162B6A2F34CC,105455,4,FRIENDS
A3E713430239A66A8DAB9603AF89D1D4,2085146,5,BUSINESS
0FBE79B5705A0A6F010680139EF0E8C2,94330,5,SOLO
92E36A5E91F0757F47F8E89733172A15,95853,4,SOLO
F00B4D44C6B19B0A6605C7A68E54295B,321151,4,FAMILY
9A75DA648514FDC4FDA0CD34BD84AB4C,109413,4,SOLO
33868F3A4CF2F6A3997AE57D8DC35233,1762573,5,COUPLES
71F6CC2489EFBB711402001D961BB325,95133,5,SOLO
C775337151B8C938A6330BB74DAA5F65,93589,5,SOLO
D5541659C4990E9272613A224A32B80E,93566,5,COUPLES
AB3BDAB88F58D81754FF07AB7BCBB07A,1218792,3,SOLO
40165675505CEEAA9F464180B8EC22AC,1100043,5,SOLO
F5F3FD6178C77C80B45D7CB089F89785,223501,4,COUPLES
111F034F49463ABC285987FDDE96002D,112196,4,COUPLES
4C83457497CC2C498097E8DDD30D4BF1,83099,4,BUSINESS
7A5F7EBBEC13309F8C2188C6F3C4AB0D,321151,2,BUSINESS
697FD61C72508D7E23F632A2D1555BC8,1724006,4,COUPLES
A55D2FFA73774725E57E44C878A7AD67,77652,5,SOLO
17EEAF9A079A2B75E9616F7864F7CA3E,80483,5,BUSINESS
CC4A9722B4F5BCB4A1C6B4137E38F223,235133,5,BUSINESS
7EEEF81FE90607F1B66297BA8F5FBE3A,74331,4,BUSINESS
01C78A65257ABE74BD72CEC5EC4F1983,98372,4,BUSINESS
288F3B83D1B91B2A7C37EDECF39876FC,596574,5,SOLO
52A7CD3DE4EB0792A7D9C87CD792B034,81705,5,BUSINESS
D88F0B75FC6F03A9C666AF535812C575,217759,5,SOLO
27162686C73067EDA0EBC8C5F3F334AF,224250,5,FAMILY
4C164E92F3B2CFF52BF6EAFA9E42DDDC,503598,5,BUSINESS
E6D08600CB0203EBB68CAFCF8BF5DA22,223391,5,COUPLES
7AF15BCDC4438266C9F98C7CEE4FC040,74199,3,BUSINESS
C773A96969B654DCDC7907A313E45B1F,1513541,4,SOLO
56D249699A436C553303405C721E6F91,223969,5,FAMILY
AFB7DD259F966178A7AFF94F0C614527,1007413,4,BUSINESS
872D7B59AA6310B4C01F25AE01C8157C,268533,3,COUPLES
7A4F3E81F78868A6E20E720586A303CA,98728,4,COUPLES
6E6C09B6D90A5BB77061678D397DC668,94163,4,FAMILY
CB2DC16D052EBD0480CBE624789E1472,277740,5,COUPLES
EB5767098055FD037B39571227B5AA22,100938,5,COUPLES
80E85BC32CDB3F680805AC161A3CD172,88486,5,FAMILY
EA05208242F0B34EC777777FFC1775F2,119437,5,FAMILY
A8FD9D4B98434845AEA0985C21C08F34,84117,4,FAMILY
72FB5E5A4E3B38AE0A15907BBAA5C8EC,1159285,3,BUSINESS
229544ABD754E00F9D28B8BB6C865354,224856,5,FAMILY
E57961A740F519A64F511D82455FC79E,223717,5,FAMILY
F6C97C536A84E73840EBF3651EB0A61B,817535,4,COUPLES
79ACEE2A957F9FD6872E97F8A4B336CB,224343,3,FAMILY
FA4E407400B9B02C67E6DF814ADC8A0B,93115,4,FRIENDS
15E83A2CF69D431D9B32BA796E07D9C1,308759,4,COUPLES
4FBA5DD5BBB0FF6B450CBFB0C76888CD,574805,4,FAMILY
90E0C8C00718A518FB47185F7941B647,1100791,4,SOLO
E2B83474042B97BD7C00DBF6D2F907A6,1147514,4,BUSINESS
1E53464038565AD786FCA829907BBC92,102577,4,SOLO
7593C9C4FF7A56C9EFE41D9D93B583EB,866480,3,COUPLES
4F18990EA03F5EB92884CD88824F7A25,217354,4,COUPLES
E1BC9B2214154F16F09639447D32D9FA,1147514,5,COUPLES
E40A788546BF3368B0F765B93595620C,91608,5,SOLO
C5FB378CCB9FB9FFF8EBC555EC7800C2,227084,4,SOLO
8D74835A8F3F2B1F50FA5A58254A89D1,95313,3,SOLO
6C5B08EA785101C8B108DB1AD9AE00CF,76083,5,COUPLES
97A089D6385A5C450DF067F450A557ED,678635,1,COUPLES
D4BABA710393A9A271BE1C99DB17AC94,89358,4,BUSINESS
C514DECFA14D0F9E1BF4AF47A9D2EB25,1785652,5,BUSINESS
ED6240F3C6046BA9EBBCC6C6208F533F,88822,5,COUPLES
C54EE094D3EDB3B92CC1BB14F61A8661,288592,5,BUSINESS
04260B123404A3BB64108C0210CF2079,85380,4,FAMILY
61985C1362A9A7478ACD7491AFB3BA74,95707,3,FAMILY
E07E5A2CA850F554C639D08003022F9F,112188,1,FAMILY
529D3A0107E8DEA9BA9FDC2F4739CA49,83046,4,SOLO
21ED667CE74A3B29F7AD940DA5C80C09,295459,4,COUPLES
10EC98B9F38985541444C5D5AF6693CA,654766,4,COUPLES
D72A04419D9716B4B8BB55DAC8CCAF4B,574449,4,COUPLES
646CA0470EA81BA33528F347849ECD23,1117951,2,SOLO
17B715FE8A1E8E0D25486475D346B61E,99451,5,BUSINESS
6B85A82E7B1866BF152D18ADA0ED8317,95187,4,BUSINESS
D3DF9175CE8072D0554457BB58B42935,83000,4,COUPLES
CA603B77C68608F24E357886155DDEE6,89599,5,FAMILY
BE7C985F01950F363A1D5A1DB8FDB0D1,620703,4,FRIENDS
96CC4F0648F1AA1BDE995A0CDDD0D007,649230,3,COUPLES
19FD506002386F70030E24ED19458EBB,100814,5,COUPLES
3FA27F6E8AC712A82C69C4EDD8B912CC,218748,5,COUPLES
CFFC7D475BFE340825586FF40AD32D45,1409115,5,SOLO
AFB7DD259F966178A7AFF94F0C614527,1172031,4,SOLO
B96E87875A6563D4BE7D01E3677664C6,97476,5,SOLO
9CAF1E5AD9A61F8C93C52F938FAE8E96,91925,4,BUSINESS
7BD7B22ACE206BA02BD60FE66E44292C,95215,4,COUPLES
FE0BFEE3723AE0EFF37B8D3F19D82D57,80530,5,COUPLES
DC1DAE3A4978FC63B7E8DAD20080D644,506440,4,FRIENDS
F9603DE2C1139650B7047D99A229453C,223072,1,COUPLES
2F9171375C46BCA8912D6270CE0C63DA,112196,5,COUPLES
11F00D54E1853533BD9631967A4C046C,557377,3,COUPLES
F9C7BB61FE9415832039536F59A0B0F4,1449313,4,BUSINESS
70D4A355E4905D4E782C542C8F08DEB7,1237029,3,SOLO
5B72799B1ADED982261FC418B02A9650,112136,3,COUPLES
3D2DD493047A895EBBA7F9C7232AB6C0,269651,5,COUPLES
FE93839BA9AF951C03FA3C62FA548F0B,223860,5,COUPLES
DDFECDF3C28988DFE7646A6A312167DA,610111,5,COUPLES
F341E8B883789CFBAD29621979596770,224279,5,COUPLES
4FEDB7C1E172DFD94AD32F1A28CED678,220059,5,COUPLES
84C799DE5BCD26CF7E5C32DF3BD32599,89377,3,FAMILY
E07E5A2CA850F554C639D08003022F9F,75525,3,SOLO
6C62B19C4DB8C600576B763C68AF0759,224467,4,SOLO
E57961A740F519A64F511D82455FC79E,647580,3,FAMILY
036EEC64945959E1A09650741F3A9B12,1372556,3,FRIENDS
AC050DB45BDCFF971E3C374C0AA9BCF1,498318,5,FAMILY
91305B46873E116338169B06CE1582CF,93746,5,SOLO
B3532BC31786390511B981108D8050E4,91907,4,COUPLES
43AFC49081D0DE8FF48A57927C9D7656,75680,2,COUPLES
5432E1CFC94D630816217EC21FAF5D55,106516,3,SOLO
5B93589C92A4FB3F0D234E1096AC3D4A,224123,5,FRIENDS
E444E822EBD90A39978EF187FACAF914,78046,5,SOLO
F176B1CEBAAE3D4F20BFD6FFC05DC922,1026673,4,BUSINESS
FB7CA977608E02497B146145FDE14EC4,86179,2,FRIENDS
B27A5886F21EB07D4EBDD100201009F4,1147514,5,BUSINESS
4CCBE245115EB96012808AEECD70C6A6,101603,5,COUPLES
C87989D342254D0CA601854A95899656,94330,5,SOLO
76A79C19FF3315498931EA3C471993AB,122450,2,SOLO
4891192B21CA6139D1CDECFCA766C8CA,250872,2,FAMILY
0F8146D01F901D9BCEA9C1ED1CD126F8,223660,5,COUPLES
75904C385D81EB038F1B0B96322CD443,1172031,4,COUPLES
449D9125825E35F7A1EFF049DE18BA1A,1128805,3,SOLO
FBAEACC07EE3786BEAAFADD7111996C1,77775,4,BUSINESS
715390B289A71C749FE1B0187F6AC0FD,583294,5,FAMILY
AA94E100BC106B162E3FCB4E700B6C41,98856,4,BUSINESS
5D25B6B91E80206AD8E7D09A162E10BA,480622,4,FAMILY
ACC2072CE16FB5B8CAA225CF2B08AE2A,110152,4,COUPLES
579C9D89C4770E986C2CE573F3754514,235448,5,FAMILY
B2453708FB120012F2AD1F02F64F284E,89358,5,BUSINESS
2AD572B0FBE348F43CEBFEA401634084,223103,5,COUPLES
FBD0E620F59CB0DD6D7DAD33474D32BD,601419,3,BUSINESS
FC59B23F08C1D0626DD57D8A497EA818,74124,4,BUSINESS
359F90B24C349E4A5CA396575E15DAE2,1510002,3,COUPLES
736DACEC27F36A0FF821194CDC5E7DAF,480622,5,COUPLES
89B51333F1476ED1869D0617987F022B,1870740,4,COUPLES
507906F3B2EC4545187F1B2ECADEA853,74109,5,COUPLES
B5B00E22810276653F6DCA3DEC51CE65,878358,3,FRIENDS
037A9F7DBFE3D20F055B0F319A59BAE1,119606,4,SOLO
5634EF20C34CE2BF1A213AA9009D1717,321151,5,COUPLES
40C925844DC1830B9CEC20698EFAF0E7,75680,5,FAMILY
B9FE5D8E1E3F84E2C2AEA9E0F8A3EB92,122715,3,BUSINESS
CEB6489CC3216B01F660B22AFF507DD3,1123368,5,BUSINESS
73A223680640B21B55789DB3304BD5FB,1021900,2,SOLO
2C65CC16C1B58D5E5CB3CAC89DDB17E3,112066,4,COUPLES
848216713F945B5DD7DB1174BE8D6902,321151,1,COUPLES
CF061E349CE2D8A73E74608E6ACB9009,816772,5,FAMILY
68487B40EC5ED9FA2F73DACFC06C0078,123534,5,BUSINESS
96B5ED27A1E844B882A391A19FD4AA52,220059,5,COUPLES
BC90D72181F473F53E675601E99467A4,2322597,5,BUSINESS
61D4AA2836FC4A214439F6CC54A50E5D,97572,4,BUSINESS
2691B6934B29D573ABA7E3DC80E983E0,217844,4,COUPLES
20B7FAF011F543CB49BB50D0935C25FD,278074,4,FAMILY
A02B9492684CBA0AEFCC4689A4A1C26C,90998,5,FAMILY
72FB5E5A4E3B38AE0A15907BBAA5C8EC,92757,3,BUSINESS
3FA27F6E8AC712A82C69C4EDD8B912CC,1147292,5,SOLO
F73679DAB6CCA58B470CECB525E5C40E,74068,5,FRIENDS
B74836EEEB5B363EDE997A88C3B85A38,92749,4,COUPLES
D7AEADAEAEDA7791A4CB92E3F38E23A3,1510002,3,BUSINESS
8D74835A8F3F2B1F50FA5A58254A89D1,88823,5,SOLO
321547483E407051306DB21897CD13E9,1237029,4,SOLO
05B6A3C610A3FD7E96847D41FE3924BC,84117,4,SOLO
3177F135E3A22BE2AF5C0094BD1E0A9A,74124,4,COUPLES
25C06136F925B0278918F61570BC3267,1231084,4,FAMILY
5D6C60EE305AF98A6E9CF0D1D3C7911F,101022,5,COUPLES
9530826ACE5688514409B669EFCD3ABE,97017,5,FAMILY
1AB7C06825EBD9926B81522AE138E1AC,84093,4,COUPLES
F73CC60121EDAB8E6B1637FDE6A09177,89377,3,BUSINESS
573CBC5BB9422791EF768C971EBF3C11,93589,5,COUPLES
41F72AD082699DE0635B9902E4389D3D,82289,5,COUPLES
B3532BC31786390511B981108D8050E4,74976,3,FAMILY
C568AF81B7E57DBE4C561762A0719C3C,1510002,4,COUPLES
5A4B8F6F36C7537FC6E78C370034E5B5,1174686,2,BUSINESS
EAAC119E14ED2B2865C45854EA65AB92,268127,4,FAMILY
2EF4C78FF164A8DC31D1378A4A505F0E,1390020,3,SOLO
14EA0BEE835B907FD71A56B06744BA14,576787,3,SOLO
E984CC11DE8768C29B05A381CA08F671,95253,3,FAMILY
59F47E2A65FAEEEA52819993E4448B3B,226951,3,SOLO
03DFFC8FE4644524443D495F166A6B8A,98306,5,SOLO
A2292D5A3F854D78911C0A111DD53946,1113787,5,COUPLES
CD872C69D86EDB0A93C22A0EDE2BB2E1,99109,4,SOLO
79D626B018247738E9E1475D2129BE68,78034,5,SOLO
8DA669720FA1FDFB6FC98BED3D3565CF,100507,4,COUPLES
8B471C6D2C2ADEFCDAE64F0ACC053E08,482154,4,BUSINESS
4BA2A54A16E67FFA5C402118B43F6F54,268207,5,BUSINESS
E1C2D1B80512BD9C80049DB7DA32F12C,75604,5,FRIENDS
403B90078D5085B23BD7CE5A6D2A1F8B,214097,5,COUPLES
FFD4710D6E92EE3D9192E5716CCCAEA8,119324,4,BUSINESS
32031642B316E7387B707D991EA8DCAC,105488,4,FAMILY
E9B93444A22D8C64DCDF467D9AA095B4,77270,4,COUPLES
EA9B1A2C843F2817574D86EEEC54466C,98727,4,SOLO
9344A547D6AB71E291694407E6A9CDAA,225312,5,FAMILY
64A8B3063F52A5A7BC623D3B1AD0FCDA,78767,5,SOLO
4CF2FBAFD49ACC5D41F88E2246D63E93,95216,5,SOLO
449D9125825E35F7A1EFF049DE18BA1A,98680,4,BUSINESS
17B715FE8A1E8E0D25486475D346B61E,2145772,4,BUSINESS
252273EFA1B58D88B808EDC9B2C7A4EE,93128,5,SOLO
22C489C3DD0B1404F8BE40DF98CB0A3D,78925,4,FAMILY
5E36ABBAF2EC6241B748A40EB520FDB3,75680,2,FAMILY
C66AD0B7FA2CBA6E85F80238F56FA741,91925,5,BUSINESS
01F6894476E32CCCE95F0F938B472F75,1048655,5,SOLO
A6D093B662BBAB9457B0D533820ACA66,1174686,4,SOLO
F53457F9CBA972A96B146A0D4D431D3B,112190,3,COUPLES
565CF711BCC62B264CE2C851A1C0D6AB,1307623,5,FAMILY
0B3B44577ACCD2E914446B11DA39F194,1515572,4,BUSINESS
873829505C108C5854C0B45C1B44400D,84115,4,SOLO
CDA3FF0237F3B544C13D01E73ABBF794,1147630,5,COUPLES
2ECFFBAC1DADDFBDBC38E2307BD15777,121972,3,FAMILY
5CCFC2F957AE536CF4DC803C1967EC5C,115484,3,BUSINESS
47AE78A055033DDDCC6410F1F71D6739,101603,5,FAMILY
3F2A8CD8C9239282F461E5E56143EE47,105455,4,FAMILY
485382291D033E91E5ACF3F54559B8F5,112188,5,FAMILY
D0A826AE3DBA5C34E9ABAD4F36BE4233,110152,2,COUPLES
9D3E1C561684DB6BD04E1A516BE0FD78,224948,5,BUSINESS
80A6FC261CF228EB33C1DF264257A1C3,85192,5,FRIENDS
D72A04419D9716B4B8BB55DAC8CCAF4B,98952,5,FAMILY
95BEBF9E21CAA1DB9ABEB13AB7BBB4B9,225042,5,COUPLES
4DA5D1020377A73BAEAE98452E42B21F,239919,5,BUSINESS
1783220CC94D913DA6958F524092CFBC,120100,5,SOLO
8DBA7E3764DED265E7D50A482D6F8EEA,114996,5,SOLO
62E4660D6AE4593EF98B544168D27126,287572,5,COUPLES
B58FC23BE1D65690A62F686DD39C3D6A,781627,2,FAMILY
F198090EAFD754D71A6D4BA04DDC5931,112307,4,FAMILY
7B4ED69E111CD84DC80F6AA12ADD6700,224244,5,FAMILY
2096F27343C905E781E746AA3FF7F1D7,217360,3,SOLO
BA2BD28F01A2B1F8FCA426CBB08954DB,574449,3,COUPLES
C914DFE65B8A72B0591033D54FF58846,1147292,5,FAMILY
547D34A70F6CFC8D968510A6E8645A9E,102463,5,SOLO
65CEF8E40827ADD255D79217F0D27508,90510,3,FAMILY
7FC54EDEB7C8E0049EA39DEE11811581,91674,5,COUPLES
48F19B0FF7EB074404C79E63FA10C8C2,270561,4,COUPLES
40A9E68AD64F8BE4D4E7A52AD14D94BC,89358,2,BUSINESS
2CC6C36B7BB4C8F49B294AF65A5FAECB,1449313,5,BUSINESS
B57802C062EC3AFDB39CF076AF35896C,1235866,5,SOLO
3F5EEE5EC10B614869D92A8A11BE9C9E,224856,4,COUPLES
5786E79B1556D1FE64148CAB6ADD9273,107490,5,SOLO
978F7A10BA6F8C23D1004C32EE08804A,98188,5,BUSINESS
74B312114AD48948EF0B3EF1F8CBE7D2,224953,5,BUSINESS
7D624F1E2EFCF0C21427AF1B06BCCC1D,1128805,4,COUPLES
C2E489EA8335DCEF19FCBEDA76F7F6B8,1200603,5,COUPLES
8260B9F5740171C4E9A919AA053B7A01,270561,4,SOLO
BC96B6DF2B7DA34EACFD53E9AD8C4A4F,83555,2,COUPLES
8FAAB4536108E9821DA5556AEAD08FF6,224122,4,FAMILY
7B6D61D793A056454E07C0E28A7833DC,246778,4,FAMILY
1D59729268F7FCDADAF87F9D9233429F,2014285,3,FAMILY
7E27562784357CFEB2A31CC2ED4FD56C,225238,5,COUPLES
21ED667CE74A3B29F7AD940DA5C80C09,112124,5,FAMILY
0CCFBEB9A85389CB3976DB87924FE049,98474,5,COUPLES
FBC6DB453816F24A7F99411A20767448,1484384,4,FAMILY
7DD2FBA36FAEF93F9E09BBED93D75D7A,101756,4,SOLO
845CC5924F70F8376927A90C5F80CB9D,114942,4,SOLO
3CD4779105CD455C4094D6DC40839FB3,1449313,5,COUPLES
AC050DB45BDCFF971E3C374C0AA9BCF1,309165,4,FAMILY
1E76BA687E8C92E553CE7639B24241B5,107812,4,BUSINESS
BFEE898A6AD581E9356A64A89F495B4B,110045,5,SOLO
0EF57559D533D6C0A82A88A197F4D302,88358,3,COUPLES
E4BD9A4CD7872825F3585ECFFF4074B7,223983,2,BUSINESS
740A1C837A0E8D318A3144B0D7E04EB3,84064,4,FAMILY
92F9642711D2B6F27A2B641E844C548E,115494,3,COUPLES
CEBDDB28242A688897619B625E9738C2,122020,4,BUSINESS
45378E4CFFC8B84E6A7F67EE2C92BCF4,1100081,4,BUSINESS
FD1B8050CF28BAF24F1A1C7E60D9A092,596543,5,SOLO
646EB3D11A97F9DB8E8127FD6924091C,286542,3,COUPLES
FE3F016ACF4B3F2BD27A68A15CE3512E,1190286,4,BUSINESS
7BC0AF07CC240F2F614A865BBE21B5AA,309165,5,SOLO
847E842856A5665218F071214329D2C4,91951,4,SOLO
9441E6FA2BA9082CC60D88C4276D83E9,631240,5,FRIENDS
2870D247F7D95165B3A13763081A3BD6,81204,4,FAMILY
D8181881F5EF76210B0EB1C734BA9059,80990,3,FRIENDS
5C3D478586E9B3CAD4D4B3DEAB2EF32B,1190033,4,COUPLES
D9FD51EE97ED4F5169AB17638A1F33F3,214097,4,COUPLES
F059C1E3AB58DCD74C0E618EC714CFE5,94330,3,COUPLES
A6756FCDC2E1B15E66243E8BC26506DF,1751278,4,SOLO
ABD1F90FC589DADEC159EE362B16A118,675000,5,BUSINESS
1EE66B51AEA8A90AC0B0FEFF9B5B1564,506435,5,COUPLES
799E2A7FC93EA086C9DC162B6A2F34CC,1235897,4,COUPLES
A030EFC3F59DD983BB687B5A1A4E787A,77775,3,COUPLES
41626443A1E6E8436B7D172C5675FF76,613399,3,BUSINESS
7D2D38860C240E52F2C090A25877330F,502999,5,BUSINESS
8EED53B0FCFD1DC048F98CB5803FBACB,208755,5,COUPLES
507906F3B2EC4545187F1B2ECADEA853,1724079,5,COUPLES
55206CA83F990ABBACDA73B3041328EC,650889,3,SOLO
507906F3B2EC4545187F1B2ECADEA853,596543,4,COUPLES
5021D61E100691B006963ED765095169,283873,4,BUSINESS
9A714E1DD22FBE0B5F542FB9DFDFEF82,81985,4,FAMILY
57A726DFC7BFF6A92741491E974A4DE7,530585,4,FAMILY
343F5AA3FBDB0794C3D5A8F6FF222BF2,114645,3,COUPLES
8D0802B99477138DCB28D4D35A6F3611,99939,4,SOLO
EF8CEE391C8B645DE6020318E5B92894,570084,2,FRIENDS
D7282EF91CA261BA84934C892831212A,112304,4,BUSINESS
DDA4CA95F1C168CCD50B5C4E5A661A63,75680,5,FAMILY
80C4573F6D14F3283601289813674D6E,109515,5,COUPLES
B41607B1272E1834C5F1049F566371C7,240603,4,COUPLES
4F766D6D1832D6AC130E284C4E388FD2,601490,4,FAMILY
B5B00E22810276653F6DCA3DEC51CE65,676929,4,SOLO
3CD4779105CD455C4094D6DC40839FB3,84476,4,BUSINESS
D7367DCAB90B920C205D2CB8DEBCCC61,86286,3,BUSINESS
2310DD46AB4AA8C848A5C3FE8E1E3566,85772,4,FAMILY
D0A826AE3DBA5C34E9ABAD4F36BE4233,611947,2,COUPLES
84A4EE852E1180488468556E67064377,74363,4,BUSINESS
751B8AB07EC80B6D7A8453220789BFB0,94713,5,SOLO
2B05CD8E5CD4C3135844357D6194D6B6,220243,3,COUPLES
87B87C9AD8C8B0F2E7510629F7A261BC,108977,5,COUPLES
A3B7144E5AC775AE3291B91DE471071B,85205,5,COUPLES
B4FAC7CE1DD931B649C0DF3A19590678,84463,4,COUPLES
C43C1AEC055C7754ED8FADBE50592D28,90518,4,BUSINESS
4F766D6D1832D6AC130E284C4E388FD2,120426,4,FAMILY
3F7642B4AFB0D6F8CBD805B41B912F28,80668,3,SOLO
CD066F6B79BA00E74FD1808A1BF9E461,113856,5,SOLO
2AD572B0FBE348F43CEBFEA401634084,1382176,4,SOLO
8014FFC3647C1CE42EC62C2E9944D6A4,83040,4,BUSINESS
00E09D6FFC5B7A7D11ADAE4E2CAB809B,120097,5,FAMILY
26A52A4F79879DF5359F4C6EE8DAB561,224161,5,FAMILY
83AA195E4BD9EB9DE7A3B63A103D6683,75525,3,FAMILY
34DB6BCFC299DF08BC5B0A8A6F5F3D9C,675000,4,BUSINESS
DB38B722D5530D8AB5B1C5CABEB95680,240589,4,COUPLES
06CBA30BCF96097B083519EC357C6069,109413,5,SOLO
8FCA30E49281CF67AE1CB6E8A2E95712,81450,3,FAMILY
61D4AA2836FC4A214439F6CC54A50E5D,729441,4,BUSINESS
F1A2A6C1C9855DD9315BADB739F866F6,98819,4,BUSINESS
DE680A6BCB59F3AA09723C533AEFA991,1479845,5,COUPLES
4CF2FBAFD49ACC5D41F88E2246D63E93,79061,5,FAMILY
7A31727DBA49D2DFEC4FBC01B5B148A2,92711,3,BUSINESS
A2D22747BE551CE8E5100C2BBD5F3E18,113856,4,COUPLES
73C986ED16B629CE61B0F0334ECA1834,115484,5,FAMILY
DB38B722D5530D8AB5B1C5CABEB95680,114996,5,COUPLES
3568D3BC41CA96AC61D046D0EA0DE7D1,208755,5,FAMILY
FFDC7B441CB2676EC8CA21CFB8EB5803,252869,5,COUPLES
58D5B11D4C62590BC86D7737E00406A1,1235866,5,COUPLES
AFA3734574739E44CCAAE51599220AAD,120058,4,SOLO
A81A351646D686D096A2F37742787EA8,78034,5,COUPLES
F73CC60121EDAB8E6B1637FDE6A09177,112219,5,SOLO
C87989D342254D0CA601854A95899656,74109,5,BUSINESS
CAFAF8275C721F57AB58686ECC5AEC41,102463,5,FRIENDS
9C7CBA63899D175440821F1A30FC0E44,1449313,4,COUPLES
D2AE37A17955AC0F911F15BF5EA5EDF0,98680,3,FAMILY
B23BC15BF4BDBC1CB078EB0CB2926E81,224279,4,FAMILY
4C412CA052F270644C1EA43B0C4AFDCA,91949,5,COUPLES
F5118D63C524C403906D7329F178962B,274374,4,BUSINESS
1A93F3AA936D99AE4155475FB74B8762,120056,3,BUSINESS
F7572EDBBA6E49C3FC0B22F9EDDA9769,90389,3,SOLO
1F59C965141F888A8BD93AF03B11E2EF,79673,3,SOLO
96C4030F626E493CDE82738FBA00EFA3,224122,4,COUPLES
D52C3008CE17BF4157BEEE238D7C36E2,269651,4,COUPLES
FDC8D468CBEA76625CC036FCCB9D8E35,226023,2,FRIENDS
3D0F83D200FB537E2353EB8FDA070FBE,294839,3,COUPLES
4A8E2679EB497816FE0A4F1913D35F3C,100599,5,BUSINESS
76CB33027D9025158C6E674760EC7987,78745,4,COUPLES
6EAA8E65E3C12B1EC2318E23A65369D6,224856,5,FAMILY
6754AE48996EE10395F0372519B83E30,601490,5,COUPLES
5376BDFB39F212FB31B5801AB4F9F8D0,675000,4,BUSINESS
036EEC64945959E1A09650741F3A9B12,95212,4,FRIENDS
8275BC43C8D6BC8D032DA3A0AD0EE644,1027025,4,COUPLES
1609426679198144A65A85C951CEFEF3,89599,5,COUPLES
66FE1C175E2142A2574BE9E95E82ECC8,638765,5,COUPLES
B1347CE2803EC158D1F92D8605C75362,91940,5,FAMILY
1EBDBC8876975615AA72806BD67B5069,1502048,5,COUPLES
4D015A47787CD291CCE264D2794CC849,74068,4,COUPLES
CD56112AAAD78B37A07925998DAA1A75,80010,3,BUSINESS
39854CC3FC9A0850FF6639295958B933,224467,5,SOLO
8085BA016BAAB7F76A1B4EDBBE4C6CE4,119993,5,COUPLES
C77B9FA4E9CE23566CA6156736926AEF,91516,4,COUPLES
58EE5E05D293EC1F4AF13C47D3714260,97704,4,BUSINESS
9441E6FA2BA9082CC60D88C4276D83E9,1176415,5,BUSINESS
4C748E79DAA35A72597C053A1B25019F,88353,4,BUSINESS
1D4375564ACBF09100851CA78649BFD9,1456416,5,COUPLES
4AD8F6D5B13BEDC9022E9350A0102CFE,84092,5,BUSINESS
ABD1F90FC589DADEC159EE362B16A118,1762310,3,BUSINESS
6EF47CE592CA8CE6FB5AE7E2EFA2ABF6,279190,5,FAMILY
FEB5DDEAB459230395D74EA02713F286,1152288,5,COUPLES
969F1923B2513039A38DD7572B8A66FE,597937,5,FAMILY
DB08222D2BFEF809325234A7B6E5543E,1235866,4,FAMILY
1140D8519BF4481AFEBDD0BAD0779B3B,1474086,5,BUSINESS
0F7778765DD1D765579453C3D3839A55,647837,5,FAMILY
72C5C4AC2C6C6C26833E14D2E146AE07,234752,4,SOLO
C5CE7712D3091E31052875293F0E999E,119324,4,COUPLES
ABCA04E09922855A43E52DE9FDA34B4E,89599,4,COUPLES
DBAD29258AE6F529601CB61437CB7EB2,95293,5,SOLO
BB6CC0C8A3BD0D22461A24FD5147366A,77148,5,SOLO
043F5EF06A34DCA64FD3778A9DBF65E5,217214,5,COUPLES
85AF2F878B9651D5621444095CBC221B,89599,5,SOLO
3C7230E8D178CB7C69EB1E74B7084ED8,1174533,4,SOLO
57D3D86DBABBD26491D4CF6FB79D30E4,89358,4,BUSINESS
ADED8CD918F2A9F4C31D02618B1CC42C,141894,5,BUSINESS
514ACF19231FC1994A0619916043635B,1149365,4,COUPLES
0859CB71C3CCC8789714B703030D67CA,241036,3,COUPLES
1EBDBC8876975615AA72806BD67B5069,570285,5,FAMILY
5EDEDE1B45B2F3CB4140A62BD854D577,585414,4,COUPLES
B99CFBB5411EDC8881D13B7A4B313ADA,100585,3,SOLO
83B2E4724FC73A1DF8E55ED8910B5E5F,89377,5,BUSINESS
5F5C86A4B45FF849D422D6C59FB44846,81861,4,COUPLES
D7BBE71164F790F116ADEF0E9E5DC116,115494,4,COUPLES
751B8AB07EC80B6D7A8453220789BFB0,94074,4,SOLO
29940F133082840498478577295143FB,1737951,4,FAMILY
8FA8375DB40E226535E6EE96DD6183CA,1456560,4,BUSINESS
57839DB0F5E888F6E31598BEE895F8B5,89324,4,COUPLES
8C4C582ED81DAB758AE71DA6D5F4CDE5,1028341,5,COUPLES
3B665F6410628DD70C290B2EA3ACD132,119356,4,FAMILY
1EF1A216D0F47CD5ECAB13DD0055A2A7,1147514,2,BUSINESS
E4520FA27BF8490E9A6372F94BD53D65,498304,4,SOLO
2FD8A6EF63B0801DE00B67312D713B15,678635,5,BUSINESS
9E271CD821EC9F8D91F68CD336432239,217360,5,SOLO
D35EEF139F491C045441BD6E421DE205,576787,1,BUSINESS
2C9A76D4F2A584940A8AF4F0240185DE,576787,4,COUPLES
5402F0077421AEF3EFED852B40FD7786,498949,4,FAMILY
F2D4E2C56047A28E782B572248BF0CF8,81394,4,SOLO
3198B87FFB8F3A7A3149D085DD24F334,86068,5,FAMILY
E4520FA27BF8490E9A6372F94BD53D65,287606,5,SOLO
77C3C8420BA1CBBD76F31A268AD3BAE9,570084,4,COUPLES
0864333D61ABF259D6D3A00BB8EC4AE1,611947,3,COUPLES
0ABE1D23F3D139F43FB275DE6F34B96C,2014285,4,FAMILY
DD0BC0C5C498161FCF7B562B94C7997C,223017,4,COUPLES
8CAF2AF575562C14AEF7673413C68912,77320,5,FAMILY
D72A04419D9716B4B8BB55DAC8CCAF4B,80668,4,FAMILY
25DBBF5392258799A8B707E66350C5E1,77621,4,FAMILY
DFE7C175789950EA84BED5F74A7A5145,604457,5,BUSINESS
846996634EA2D4B8B55DD030617D5F20,114149,5,BUSINESS
1188615C17A8A02D62ED88ECEF6AF552,75578,4,FAMILY
ACBE9CAA8D58CE03A557C5A110ED28FC,110451,5,COUPLES
140B84D57003299D7F08196DE01D4BD8,94713,3,FRIENDS
CF792C30BBB371D486F1CEB28CED3083,601379,3,FAMILY
06CBA30BCF96097B083519EC357C6069,94337,4,COUPLES
9CA94A326BF0B48DAB008475078250DE,217704,5,FAMILY
55F07720C58DEB46860EBA476D84995E,86286,4,COUPLES
5E37EF0E4A6EF6B943AE7580DB2250D5,582371,5,COUPLES
0A209C51DE2874DED4629BBDEFF96709,74190,2,SOLO
7925F33E8324D790D2E04A70A3B8C9D1,223676,5,FAMILY
942446B98EAA57794E1AA4E5ECFBFC60,95317,3,FAMILY
F72E3B1F07065DF7BF79EED74B0F992A,84087,3,SOLO
BB8F3EA55C6D6DCBEBC1376295C5233A,610513,5,SOLO
A69F1C0EBDC6E9D0AC2CBE19F5DA9B8F,114134,3,FAMILY
96CC4F0648F1AA1BDE995A0CDDD0D007,122057,4,COUPLES
BE236A016B1AF369384D3BD4BBBA763F,224096,2,SOLO
3568D3BC41CA96AC61D046D0EA0DE7D1,258651,3,FAMILY
5F51BC5E880A1498ACCB9CC9F19ECE5A,91945,4,FAMILY
D7FD7E33934B0DE8F9D41EA1C8515575,1238209,3,COUPLES
1527B0A0B9DF6E5B0CD75EE67FFF1A46,93128,5,BUSINESS
A5F51BA3CCAD57D198DD905A05A70430,78046,5,COUPLES
DF989177A7585BF211C2F4C5C3D4D9D7,98726,5,COUPLES
7DCCF96F5A179EE4BD6B478971E28C06,98728,4,FAMILY
52E744313F7D316C630F4ADC36A7DF10,224122,4,FAMILY
C128BF7B078C4C9EC603A00AADB6E19B,224877,5,SOLO
1EBDBC8876975615AA72806BD67B5069,115484,5,COUPLES
730E197B2BC145CC4A9C189D224281EB,86260,5,BUSINESS
AE2C9F6A15C0308222B02CBC521C7009,225075,4,FAMILY
90186B81F21FAAA5FA6C5DA69EC55E55,80530,4,SOLO
6C5B08EA785101C8B108DB1AD9AE00CF,80668,1,BUSINESS
B5D49247859B902F134AEA34BC775D06,217770,3,COUPLES
3784CCCFD44E90584111B700EB46D057,224279,3,BUSINESS
ACC2072CE16FB5B8CAA225CF2B08AE2A,84087,4,BUSINESS
39854CC3FC9A0850FF6639295958B933,93746,4,BUSINESS
DA9A36657060DF1EFCE6B0B574BA39EF,224076,4,FAMILY
79009FC10641D6165BF445BE75BC4DD6,74920,3,FRIENDS
DAF01D688492AF8E00FE94E7030C69F8,675842,4,FRIENDS
C66AD0B7FA2CBA6E85F80238F56FA741,574805,3,FAMILY
E7263DF6D66AF9037DA9EEF32F328697,781627,3,FAMILY
946FC4DBC3B707F7D984652AC4F3E52F,653206,5,FAMILY
D8309D232AC5E48AE07A69AF41C4CCE0,1478562,3,BUSINESS
7DAB6D856459A8A42CCB82904A4F656D,224122,5,FAMILY
43D6859A6A54F610977A42C10C4D80EE,97839,4,FAMILY
809B6410486BA990FB28088629C8A3C1,578694,4,COUPLES
C9BB14F8B2172B06E65789A3F129DCF8,1510002,4,BUSINESS
3FA27F6E8AC712A82C69C4EDD8B912CC,114575,4,SOLO
A40125441445F161BE3E2C05B4628BC0,1075397,5,BUSINESS
A82CE8E57AA24056C11164014944E174,610906,3,SOLO
87273AFA8510B35ABE673B3E19731143,1994522,5,BUSINESS
6BBE36DEAC16A67F05389BD2225F39B3,102463,5,COUPLES
9ABA99468106AF436F7B6A0279FFCE10,86179,4,SOLO
CE489600073582DC0FA55847BF80150E,84092,3,SOLO
E1988BBEAFC2A86E17E0845514F1F6FD,654166,2,SOLO
E5FF1906AA494F04B43C0D3BF8B18219,89343,4,SOLO
B0ECA1F7BEE04A5E925BBCBF3880842D,678634,5,SOLO
EDF75FCB541BC0FEBBC2D6B1664305F4,102033,5,SOLO
4159AF21B20040699651FEA1C1F78474,80668,3,COUPLES
0981EA43801682A95BC06A103319E6B4,618542,5,COUPLES
E66777FDAD64E790EA95E6DB7FF7C9D8,1147514,5,FAMILY
226D381E07E1940CDADD2578F0C853FA,94367,5,BUSINESS
42954ADE69BBF0D9F24526DA3A3E2FB8,100994,5,FRIENDS
B9166C36A5038AD8ED56281BC990808C,574805,5,FAMILY
A40125441445F161BE3E2C05B4628BC0,77804,4,SOLO
0884D06C198DF77676521FF846ED8DA5,1176688,4,COUPLES
0A4E4A46650871A2E61DD57A9321B471,1175767,5,BUSINESS
B41607B1272E1834C5F1049F566371C7,240603,5,SOLO
D0F3E8800B9F3797B6524D795F03F854,258165,2,BUSINESS
80D3BCA642D6670F2CC0C61A26237C72,611947,4,BUSINESS
8CC1762C1BD28D022F9527D41CFDEE2E,89358,5,SOLO
FC946FDFB367B4AF04A90BC6297F3FAC,91674,1,SOLO
1501E4AF94322C8F71E659DE1E48D5AC,258653,5,FAMILY
D7D72EAB9A445DC85572D67C06EFF5DC,224948,3,SOLO
C49450DC9B4486D0A1A0CA81F8F9F555,1163867,4,COUPLES
0851F9637E66B2E33D7443FD5B55BBD1,1238907,3,BUSINESS
343F5AA3FBDB0794C3D5A8F6FF222BF2,95253,4,COUPLES
21442E7C01B7AE57B130B670565806EF,83040,3,FAMILY
62E4660D6AE4593EF98B544168D27126,1200603,4,COUPLES
52BEEF4B258D898CC17CB1CCC3A27981,1673733,3,COUPLES
05A7527A96BC315E9ABECE659DB3687E,1164122,5,FAMILY
610332E5B30FBD363C538D14CD4261C4,1762573,4,SOLO
14B05BBDFD3220D59E82EF30DC32EE0C,572103,4,BUSINESS
0E013A4876DCE458E9810CD37661C2B9,878115,4,BUSINESS
96A9B771D366B3CFD44A158642B0D949,96737,5,BUSINESS
73505BB46390A7990F0AF49623664609,115494,4,COUPLES
29154F6437555A87C0F2FC7B2E7990FF,98727,4,SOLO
B0862B989C423E5AC62097D59204D440,258645,5,BUSINESS
8F10D48CA8FCD50DABADCF12F1305F16,79759,4,COUPLES
85223AA53CB0DE6A6EB7B3C1E99981B1,1236680,4,BUSINESS
0981EA43801682A95BC06A103319E6B4,1049387,5,FRIENDS
CEC207BF8B16F86E09F7AF70C2030BBF,1028861,4,FRIENDS
A4009FDE2C6D87316038FA153F1CC8CB,73947,4,BUSINESS
40165675505CEEAA9F464180B8EC22AC,94713,5,SOLO
F21E7D252B6E2DE0336FDEBA4E6620D7,81985,5,BUSINESS
D78A2A3A71BA2D3C1CFAAD25B7EE199A,97561,5,BUSINESS
92C80076FB164517DAAE60F85769C17F,1156585,5,COUPLES
EFEF913931C1493660E466A1980CA682,83099,2,COUPLES
D72A04419D9716B4B8BB55DAC8CCAF4B,99535,5,FAMILY
201981FE25658BA80D20A903CD82D13F,95182,4,SOLO
4D830178075F0A3E50B20CB201631A00,95974,5,SOLO
213B681CD7E305CDF169148B9A55241C,89358,4,FRIENDS
8ABBC9D5BE9C941A53BD9270A8D0CEC5,95570,5,SOLO
5480BD646122B80B059D154707BFC49C,86238,4,BUSINESS
85223AA53CB0DE6A6EB7B3C1E99981B1,112132,5,BUSINESS
4D31384E483215425190D3B1B91901BF,1174686,4,FAMILY
3C7230E8D178CB7C69EB1E74B7084ED8,74341,5,BUSINESS
901DC88BE06B0FA8D356CE79FD2F1177,1190286,5,FAMILY
966AD10C47559C8485889F12E9103122,89365,3,FAMILY
BE7C985F01950F363A1D5A1DB8FDB0D1,94136,5,BUSINESS
32A54A241DB5C8AD36204F32A30D3247,93115,5,COUPLES
F206DB0AE78A132A4859E79087C9DD7E,223969,5,COUPLES
8DBA7E3764DED265E7D50A482D6F8EEA,217758,5,SOLO
AAC61EC690C6A73C51B68DFD62142009,81394,4,FAMILY
DEA6561FBD8E44F77CE743B52883C5B0,84064,1,FAMILY
5DAE9BE6CB3815E16150D5DFDF29596F,610513,5,BUSINESS
E50260F21F39FAFEB692344E748BF8EE,578190,4,COUPLES
A84ADDFB26BD39FE5364BB73E21D3F8B,675000,5,BUSINESS
52FDFA18A81482DBD96201452CED4E4F,112279,5,COUPLES
D621DC2AE365AF0B196F5E5E029C6AA3,1308392,5,BUSINESS
1B183E4FB67E9D3A5834DE9BFC6826C3,75726,3,FAMILY
F66E37F67F4789B031A086FA9C1D9FBC,85772,3,BUSINESS
483A193B7113ADFFD5CE30849564F69C,514495,5,COUPLES
B21AA67421694A8794284A7C8D1BE8C3,91925,3,BUSINESS
769A8C6710E5FA61FDAF6E30F27FF726,114938,4,SOLO
B457267DCB93F09AE45C64FFD4937784,530585,3,FAMILY
6253DBCB264F0255CD18F5391F4A6375,585114,4,COUPLES
3177F135E3A22BE2AF5C0094BD1E0A9A,559540,5,FAMILY
FBC6DB453816F24A7F99411A20767448,220075,4,FAMILY
2DD913D1FE05AF081729771A0B81FF11,252442,5,FAMILY
2144E41B556A45614708DACDEC79FF71,287392,4,COUPLES
403B90078D5085B23BD7CE5A6D2A1F8B,80668,5,COUPLES
CE845A1C303CE5F7964C7EC2DC6251FB,84109,4,COUPLES
58EE5E05D293EC1F4AF13C47D3714260,98856,5,COUPLES
F3E96BE2781736E525F264673EFE5382,77923,4,FAMILY
84446C4D0D420061981479DD7F8F9502,287392,3,SOLO
CE0A0177A6AD2ADF0AB3A10CA88E0C71,614798,5,FAMILY
F059C1E3AB58DCD74C0E618EC714CFE5,94371,5,COUPLES
5480BD646122B80B059D154707BFC49C,310409,5,FAMILY
47F97FE2538B4F8AA4A8A7D04AEE4CFE,98474,5,COUPLES
F5176756DE3A85C2C4841B71521B5E50,446434,5,FAMILY
5C37D10C364CE089465D2AAC4FD169DC,982749,4,COUPLES
B0ECA1F7BEE04A5E925BBCBF3880842D,1589977,5,BUSINESS
7925F33E8324D790D2E04A70A3B8C9D1,224433,4,FAMILY
A33702490FA386DC36D06B44A8A2AB55,122703,5,SOLO
BD2A0F2F2A98D1A50AD046FA99125FB6,120056,4,COUPLES
98ED5D167821CA9F7860137494BA80D6,92734,5,BUSINESS
CE7598BA73F82E5FE7D6E63370E45AC6,84090,5,BUSINESS
F73CC60121EDAB8E6B1637FDE6A09177,224280,5,SOLO
E040F18796A60BD1558549092AD2C70E,99913,5,COUPLES
8D47E09E7CD8B74FB408E06FB0D540C3,92775,4,FAMILY
79ACEE2A957F9FD6872E97F8A4B336CB,121194,4,SOLO
08FCA0A1CEFF21FD06910908806308A0,78694,4,BUSINESS
DB1B01C8DAA4038DA1C46BD5827E7E8F,269651,3,SOLO
7EC36DEF12F24FBB5F8089459E4E43A3,113883,3,COUPLES
759806BE222CE104AB0D6DDBFDCA924A,93744,4,FAMILY
62942334684F0DECFDDCBA57ED467B39,1516130,5,COUPLES
54C7AF60F024180660B8082E7A1EA5BD,75525,5,SOLO
4C412CA052F270644C1EA43B0C4AFDCA,543517,5,COUPLES
869E5453ED1ECD12EC2E210BEB6B922E,92711,1,BUSINESS
E4BD9A4CD7872825F3585ECFFF4074B7,2085146,4,BUSINESS
848216713F945B5DD7DB1174BE8D6902,119324,3,SOLO
C527D1AF57BB8C241BD38E9D56D37609,1146369,5,COUPLES
351706CDDC2B5FB2C56FF174059E1EDA,249693,4,FAMILY
CEEA937FD4D0920250CD7D133D15818D,620239,4,BUSINESS
FFA89E2DBCE6DC46F0F5700D819D1284,88349,5,BUSINESS
399C56ADD94E774823EDEF3632E99E20,676929,3,BUSINESS
22C489C3DD0B1404F8BE40DF98CB0A3D,1164122,5,FAMILY
B21AA67421694A8794284A7C8D1BE8C3,817538,5,BUSINESS
5E19A1409344523ADF8C714C1FBF9079,84463,4,COUPLES
AB1DB6951B4AC73D77E1B5C68E972F07,89361,2,SOLO
6CD898610BAB2533688DE5910494D9EA,498304,3,COUPLES
56D249699A436C553303405C721E6F91,78742,4,FAMILY
E944D2A380C2FEB5BB1E812B482B38B3,217770,4,SOLO
08330765158B57069CED317243A1C310,112188,5,COUPLES
5B72799B1ADED982261FC418B02A9650,95198,4,COUPLES
9E4180E1B7994B50726E8C7613E1F45B,1172031,5,BUSINESS
5710C54260A2F9EC8B25FE7E04B176BF,102480,5,SOLO
7DDBD21741629772D9B47D606998B67B,1021900,4,FAMILY
CD872C69D86EDB0A93C22A0EDE2BB2E1,107836,5,SOLO
DEF88C80E026A7092128C241FABD8CC7,83046,4,COUPLES
B64EF327414063E0B1427819AC8BC1A9,582306,3,BUSINESS
4E5605E9086DF0E51B70D75A75D65D82,122703,5,FAMILY
E57961A740F519A64F511D82455FC79E,97479,4,BUSINESS
0884D06C198DF77676521FF846ED8DA5,676564,3,FAMILY
E1CDAF457C310F33F33FF7220BADB29B,78046,5,COUPLES
33B537920D4F0EB7905D43060A8323D3,95216,5,COUPLES
5F5C86A4B45FF849D422D6C59FB44846,257502,5,COUPLES
A4C1BD28E51E595BAE45A02A2350F7E6,93566,4,SOLO
5033079B2592B22FD5E83F0F2B4DD959,75525,1,FAMILY
1D12F0102452A1358B44AA6707F2C52A,101911,4,COUPLES
32031642B316E7387B707D991EA8DCAC,566439,4,COUPLES
4D0AEE82495E90B2456B846A52EE8204,123562,5,COUPLES
9B8D1AC96AB249A2F4F29578F0F601E5,85192,5,SOLO
F206DB0AE78A132A4859E79087C9DD7E,89871,4,COUPLES
8BE287634279C34EAE7C46B0C0E3B6FB,93889,3,FAMILY
F3213590E8A4E3637B3F281D1F17A703,238931,5,SOLO
526D6398A4F7360F2A18F75022E8BB61,1026710,3,SOLO
C5D93231361D4EBC292662549212991D,80255,5,FRIENDS
E4070BCAA8AEFB32F3949180A345B676,81204,2,FAMILY
D52C3008CE17BF4157BEEE238D7C36E2,112307,5,COUPLES
6A9F8D872AF8F0A328E808A4BC09BB78,1147514,4,FAMILY
EC080946EEB378A464C110A5D585C338,649095,5,SOLO
84C799DE5BCD26CF7E5C32DF3BD32599,94136,5,SOLO
C29B9E915957DC58F447BE485ECD85ED,114149,4,SOLO
91A7929BF442EF7C1CBB7564F6443C0F,83020,4,FRIENDS
135E0DE67E438508DA6365485F0E6989,601490,4,COUPLES
C4DDF1E4335846C6FD185DE514E036DD,268205,5,FRIENDS
F21E7D252B6E2DE0336FDEBA4E6620D7,675000,4,BUSINESS
923B044A0789306F7DD1EE80538ECD3A,260396,5,COUPLES
48189A247486302166A3CA8C6BD963D6,224279,4,SOLO
8D56AF6EB13FD2849C30E31E0D86451F,74331,5,COUPLES
E83CB2B5BD6124F02E950997B40CAA24,1635868,4,COUPLES
395D3C2187C755DCE852D74D8D3DD8D7,480622,5,BUSINESS
DE33BC46131EF10C568FAFE2E7CDC13F,234752,4,COUPLES
8853A3DB8C9627D73CCD38C038C6BE25,223681,5,BUSINESS
FD1B8050CF28BAF24F1A1C7E60D9A092,567617,5,FRIENDS
B5D49247859B902F134AEA34BC775D06,1174682,3,SOLO
9DE929C2B1CE073532F9F069140835E6,90003,4,BUSINESS
9CAF1E5AD9A61F8C93C52F938FAE8E96,1382900,4,COUPLES
9CFDF117EC2D45DF64113FD1E1B1F4F5,99499,5,FAMILY
6ACD601BAC93F770AF4E3EB224C19498,223890,5,COUPLES
B10F80340099C65FE704C6B9CA24FFE8,98062,4,SOLO
0C463716F092E6717A5E0BB8D53B2C1C,98187,5,SOLO
AAAA45ECEA8C974626CABD86B78D82F6,235513,3,COUPLES
07038C23A2EC9ABFBC1E489527E5D0AB,1149434,4,COUPLES
6E084247A34E974163F60A04EC12585B,258653,4,COUPLES
485382291D033E91E5ACF3F54559B8F5,675000,4,BUSINESS
76A79C19FF3315498931EA3C471993AB,94371,4,SOLO
1C3DEFEB6EB89644C70F1E9BDE3BED8C,1238907,5,FAMILY
C4140917155A71177158D4D83311DEDE,90402,4,FRIENDS
D4F37578E464BCB3F04088AFE566AE53,1409115,4,FAMILY
2A89616711609689F7F85092B2F2CA01,74896,4,FAMILY
F48CCF47EA11DF8B032D8F4DDD1C54D5,85839,4,SOLO
933C22FB6D846544483A6EF0CC32C796,100504,5,COUPLES
1D59729268F7FCDADAF87F9D9233429F,513075,4,COUPLES
DD02E029D24B2B15B1EA9D0AFC64414C,209382,3,BUSINESS
483A193B7113ADFFD5CE30849564F69C,653113,5,COUPLES
17E159B24B68CD44FC96E7DA00EB9FEA,224948,4,COUPLES
69EAE636229B7B421ED8C09A454F2C52,281719,4,SOLO
75C883C952CA89054BC0421D53829191,80797,4,COUPLES
F73CC60121EDAB8E6B1637FDE6A09177,224279,2,SOLO
6FB9CC1D230CD4E0F7373A35AD83EC6B,85380,2,FAMILY
01ED60735C3F50974C5F774A648FD8B7,93746,3,FAMILY
684B0AB434D020BCA4A79AE5D5F732C9,674735,4,SOLO
E2BDA74F091B62A1E786EB5F1A3C53BC,91940,3,COUPLES
6E968F538174EA5ED9D3EBE7601463FB,89344,3,BUSINESS
7ED19C8E0C88845982AE80B4A4ADE711,268861,4,COUPLES
B05D5208C936ECD1B76ABAE73D2E6C0F,100923,4,COUPLES
EA4858FB2E52E4A55699687426575502,84093,5,COUPLES
012BE838477D08A1A3D0A5E9D8D0922E,119325,4,FAMILY
30FF4669452B5B96BDFFB456D342D988,91907,2,COUPLES
239DD39A27E34AE0BDEDC6F261C639E0,102033,4,SOLO
27A9A6DAFE8D936CF6F357072D7102A8,102010,4,COUPLES
48295E60B30D943D10DAFF75871D380C,226123,5,COUPLES
5DFE96EC85C67F248DEFFA8B84891A6A,111345,5,SOLO
7ACCDA2DA6A0777486CCABE4F716E952,224155,5,COUPLES
449D9125825E35F7A1EFF049DE18BA1A,246778,5,SOLO
CF4666D5B4A039D734FA9D2AD250F452,1382900,3,BUSINESS
21CF526100C7199777F49198EB47BE4A,611947,5,COUPLES
E33D6A91BA05CF18091C11C4BEC58021,217598,4,FAMILY
A49B65D691F8E9A21F317DCC4416AA4C,115494,3,SOLO
84C799DE5BCD26CF7E5C32DF3BD32599,84047,5,SOLO
02860EA0ED535DE587635F1F8FC7D0C0,89358,3,COUPLES
ABCCA42042971CA3E5B15F8802BA0354,268533,4,BUSINESS
1D1A5E19BCEC1C9352D09A70AAE2682B,89331,1,SOLO
5D13294DA35A168E4230C1D20799282B,1592809,4,SOLO
5773CA8F5C143A5EAB0F62011D180475,1140707,4,FAMILY
2264D9928E321097C1F025ED64359D4F,217669,3,COUPLES
95B09454470E770EFF679044382360B5,482154,5,BUSINESS
8E6E85DEDA0EFB677C20D472B85C5634,239853,3,COUPLES
64A8B3063F52A5A7BC623D3B1AD0FCDA,224948,3,BUSINESS
7EEEF81FE90607F1B66297BA8F5FBE3A,86286,5,SOLO
03F739DB20C40E8D64B8C7AAFFF7CBB8,89999,4,SOLO
BEEDCCC7D55A2E39E4361861EC7B1A05,480622,2,FAMILY
A3B7144E5AC775AE3291B91DE471071B,123534,4,COUPLES
85D6A930A78C7918E738EC7117BB2CE2,224948,5,COUPLES
23FBC86FD90F4EECB0B575430D0F4912,657868,3,BUSINESS
146CDA25C148062EA80962488BAC78B9,111428,4,FAMILY
16CB17FCE3A355C129E861089A47DEF9,223681,4,COUPLES
7F534661C96D81989B05953307D7571D,223929,5,COUPLES
6ACD601BAC93F770AF4E3EB224C19498,122616,5,COUPLES
782BB2F301198683BB3D017047C5C364,217669,5,COUPLES
808C21D5621C601077234855B776452B,498304,4,SOLO
B118665E5375BA2EE22FA6E3F2935AA2,268262,1,SOLO
0BEA942204D75F2C83E29BDC54AA627C,226023,3,FAMILY
3354085D0D5E9A7863FAA0EBBD28FD2A,217844,1,SOLO
73F64A70EC8980DCC7873BF9BF813277,618205,5,FAMILY
0A6635D96CEA216E3F0B9B30D3E9BD3F,98821,3,BUSINESS
9826AE6A00B365749D40A6217C815B0F,1675976,4,COUPLES
9E30BDE41C6C149DE061CC90D2D2286C,78034,4,BUSINESS
9E271CD821EC9F8D91F68CD336432239,1100081,5,BUSINESS
7701FA235FE48E273B26B5E074931F3A,1027494,3,FAMILY
A4BDA96C3C1F93AA4177F001A62AC89F,102480,5,COUPLES
8006F151A336136C7384F45CB197CA91,240907,2,FRIENDS
4BE49D0F50BAD794927972A1632A2597,92786,5,BUSINESS
DCF4E75D07C3872C9E5805F5C0181AFC,506418,3,SOLO
9AB98791BFFBBCF88A95061BA7CAB1CE,217397,5,COUPLES
F924CE2C9C42B2068345F2918100A03E,97963,4,SOLO
5433CA6372F8B52DEA16D0CD25266606,214197,5,COUPLES
7DD2FBA36FAEF93F9E09BBED93D75D7A,95169,5,SOLO
C2B6455AA4BA482F43677250D78A8F50,214097,3,SOLO
3F5EEE5EC10B614869D92A8A11BE9C9E,1584731,4,COUPLES
9E4180E1B7994B50726E8C7613E1F45B,1389861,4,SOLO
BD2A0F2F2A98D1A50AD046FA99125FB6,240535,5,COUPLES
3265228248C08E00D9725F46AE7629D5,1214474,5,SOLO
6FF3D5A1AEAF07520FA490AA0265DB6E,225015,5,FAMILY
81A494EE283B8F74A9374491CB7D947D,92485,5,SOLO
84A834CC9101D784FD82B48A0FA90C25,1485944,4,FAMILY
3B213BCECE52951DC4430E7EB830C761,482154,5,COUPLES
8E6E85DEDA0EFB677C20D472B85C5634,534709,3,COUPLES
2CEFB076C1F40AB702CADD7FC6E37862,98710,5,BUSINESS
80C4573F6D14F3283601289813674D6E,109468,3,FAMILY
CE64AC34FFC3BBF40761E874B3C43E62,79676,5,SOLO
DC19BA50940BB73273439BC52454FEED,2085146,4,BUSINESS
05D57A581E9DAE14FF2A054EB3709AB2,656713,5,COUPLES
5C28F393B23BB894523AE7126A7AE445,220075,3,BUSINESS
41626443A1E6E8436B7D172C5675FF76,619205,5,COUPLES
047C4E52A3B90705AD7CEA7E92B470DE,95212,4,BUSINESS
C5FB378CCB9FB9FFF8EBC555EC7800C2,1197075,5,BUSINESS
1EBDBC8876975615AA72806BD67B5069,614244,5,COUPLES
B0ECA1F7BEE04A5E925BBCBF3880842D,217844,4,SOLO
8CAC552DF72E6C684212892D7B9DF744,1372556,2,BUSINESS
1A022915E350B79B3D94B88F3036D5D6,1367775,4,SOLO
84908A3B3A14F3BD443A288144B3DE6C,1382900,5,BUSINESS
AEFC95491AF7B97569C46AE7D79EE5B2,224259,4,FAMILY
B19C8BF14001B635B8F62CA593D01D94,99605,5,BUSINESS
E70BA6B8B93D0E806483993B6ACC7A5C,224214,4,COUPLES
DBFA201AF46928572F3DA75BA55622BA,208754,4,FAMILY
8700D18BE52569C123D50520704AE13E,81985,5,FAMILY
198C193CFF7CDE1B61DE684FE9C0C7A3,120794,5,FAMILY
0527EBDFF358FDF7ED29912A6D3608EF,120794,5,FAMILY
994495DFC31974BE5F8F514F5F32863C,75680,5,COUPLES
0B3B44577ACCD2E914446B11DA39F194,95732,4,FAMILY
E3FCA91FF2C66D99100EF22660B38E48,84065,5,FAMILY
92F9642711D2B6F27A2B641E844C548E,75087,4,COUPLES
4EADABC7748967762C6D39655154EBF9,80983,5,COUPLES
53E9F9E2A75FA5C43C07B372E7913410,675000,4,BUSINESS
F2D4E2C56047A28E782B572248BF0CF8,120058,5,BUSINESS
D9875E76132BA98FE7A245DF3F01733C,1152288,4,BUSINESS
024174908A7172EA22CE177E22752987,217722,4,BUSINESS
D8B1AB76F333EFBEA99959B850181CC0,101008,4,COUPLES
4D8C64C57F6DEE4120094521477D5C99,1845691,2,BUSINESS
3B50F73FD288BFB5BD6A70328E954002,112092,5,COUPLES
62946305281D9AD1313FA80D8B9707A7,80747,2,COUPLES
8D1AB5BA5F6B6FE620BB06B0F699DA91,79676,5,COUPLES
253535C04FFA6E4A7B9C9AEC71027227,288592,3,BUSINESS
61C7B242E72EF3F492451B7ED8C0328C,472259,5,FAMILY
29A0021503F607B34E6E96EC0D6C08EE,90375,4,FAMILY
EFEF913931C1493660E466A1980CA682,81204,2,SOLO
A0DD83D2DAAEAB821981E3719C812EF1,1205162,4,FAMILY
7BC0AF07CC240F2F614A865BBE21B5AA,1372556,4,BUSINESS
4A3AC6E00F7D229AE487445865C75AB4,100565,5,COUPLES
64E58A6514C546AAFC8A92A3A242AA64,1144098,4,COUPLES
D1DD8EE567F2E8490D81D16E64D3F0B8,224877,4,FAMILY
08FD50C6589E1156D806B45F191B637A,1600271,4,FAMILY
8B2C860C2DB0196EF5429B5C9FC0241E,76083,4,FAMILY
47F97FE2538B4F8AA4A8A7D04AEE4CFE,635098,4,COUPLES
30A5A9450F3279A5CF6DE92BC31EE6C8,1736251,4,BUSINESS
1E53464038565AD786FCA829907BBC92,95186,3,SOLO
563088A1DEE2CB3E98C95982468D1CA2,656713,5,BUSINESS
C1EC185DB943128A9A99F5BE4207E4AB,77634,5,COUPLES
C2E489EA8335DCEF19FCBEDA76F7F6B8,1152288,4,COUPLES
05D57A581E9DAE14FF2A054EB3709AB2,781646,4,BUSINESS
C48449C8DE3558D857CAF3EED9E5F03A,85193,4,BUSINESS
32F33182EB624CD0073CFFC408A1F37E,80817,4,SOLO
F00B4D44C6B19B0A6605C7A68E54295B,878358,4,COUPLES
9FA9E5A944F38FCDCC913B279DA90085,1140707,5,FRIENDS
7E73E0C84BD0CDF2673A0AA4DAE3F2B2,611947,4,BUSINESS
1FEE80827BE96C156F12D4F537BBA631,105647,5,COUPLES
C5CE7712D3091E31052875293F0E999E,88124,4,SOLO
6C0414EF27D8C124211D2127A3435D7F,82285,4,COUPLES
16267B510377A3C8214D09A29F96AAC2,99451,3,SOLO
D4FBFEDDEB0DE4FB983DA3D30B196F80,124725,2,FAMILY
C54EE094D3EDB3B92CC1BB14F61A8661,1675976,5,COUPLES
5E19A1409344523ADF8C714C1FBF9079,78046,5,COUPLES
F99A04E79BFD87D5C4D7F8E18AC40DF1,601365,5,FAMILY
833612A726171AA9D8A50A06DC372A67,89999,5,BUSINESS
52AE2CB388D61C20663C3F670F6C1CB1,662409,5,FAMILY
FB348C071CC61D679FC4DA5235741D04,611947,3,BUSINESS
768681D24ADF05121FD1A2AC142A5153,94330,3,BUSINESS
E9B93444A22D8C64DCDF467D9AA095B4,93351,4,COUPLES
00D2B226DD86C30EDFF4B612FCF45131,84476,4,COUPLES
8888F2EE4F342A98F568C7B241FC03AA,98187,5,COUPLES
403B90078D5085B23BD7CE5A6D2A1F8B,674606,5,FAMILY
FF01119B860DA0A0CD2C85C73064725F,77270,3,COUPLES
395D3C2187C755DCE852D74D8D3DD8D7,100546,5,SOLO
5128522E931BBE720F82AAC6E548F499,1389861,5,FAMILY
A55D2FFA73774725E57E44C878A7AD67,217844,5,COUPLES
8D0802B99477138DCB28D4D35A6F3611,79125,4,SOLO
AF684A1B22AA54C08B90BD926EA674A8,85772,5,BUSINESS
0981EA43801682A95BC06A103319E6B4,96737,1,COUPLES
B23E1892CA7E8AB915CF2C97707C0E66,91674,5,COUPLES
8FC21528E7967F84701BBDC6CFB6DB09,258645,5,COUPLES
A6756FCDC2E1B15E66243E8BC26506DF,89336,2,SOLO
F857A2669A5D2861264FD8DB09B4DF3C,96774,4,FAMILY
1D3DD88381B7D233FACF988AE135F698,98109,4,COUPLES
30FF4669452B5B96BDFFB456D342D988,596543,3,FRIENDS
AB1DB6951B4AC73D77E1B5C68E972F07,100994,4,SOLO
A5F51BA3CCAD57D198DD905A05A70430,543517,3,FAMILY
F97717A3B4E857D05C97675E1C9E9127,273131,4,COUPLES
FBC2EEDF6BCCA5852DFDA8DA705BC96B,482154,5,COUPLES
730E197B2BC145CC4A9C189D224281EB,1237006,5,FRIENDS
02F480C881EACB4B8526CFEB058343D2,632207,5,COUPLES
B8308A3B1B78754D4A2FA8462AC647F3,218770,4,SOLO
3A7AA22296414516E7B0E3C5F8A39C10,208754,5,FRIENDS
6B83107D85D23BC9D22CCB86541AE2C3,99535,4,COUPLES
9D66301DEE866F07850F6188DAC61F11,92492,4,COUPLES
DF3CB7B1DA196C851F8F1DE663763A8A,208755,5,FAMILY
2535559C8B1B7EC05B28BB0D63BD0343,93593,4,COUPLES
A4B4CC2621C21B5BC33E614E01714E07,102463,4,COUPLES
E984CC11DE8768C29B05A381CA08F671,77605,5,BUSINESS
C775337151B8C938A6330BB74DAA5F65,74341,2,SOLO
443678493673FE1B9F58FF0564D5D309,120056,5,COUPLES
56AF86F93DA021BD6F259E79F06AE43D,1200603,5,COUPLES
A7F1C0984EBCFC8AC48A352AC7A910FE,1027561,4,FAMILY
6CD8626D408956635C7092BE78A3962B,96785,4,FAMILY
52FDFA18A81482DBD96201452CED4E4F,611947,5,FRIENDS
3C5572867E3D5E6F4A88E2D1449A7FF2,1099934,5,FAMILY
80C4573F6D14F3283601289813674D6E,619205,5,COUPLES
FE93839BA9AF951C03FA3C62FA548F0B,115494,2,COUPLES
563088A1DEE2CB3E98C95982468D1CA2,78082,4,SOLO
5D13294DA35A168E4230C1D20799282B,1159199,5,COUPLES
6491F8D5BE021E67F2DB73AE88744C88,1456560,5,FAMILY
3E81076073AFB11D56C822FD66ECF7AA,102466,4,BUSINESS
00D2B226DD86C30EDFF4B612FCF45131,102466,4,BUSINESS
7D40790DEBBFB18A7ACB84CD571C22A4,100524,4,SOLO
5D13294DA35A168E4230C1D20799282B,95133,2,FAMILY
F8656B371FB5EADF1E86AD408CADF6E5,105443,3,COUPLES
2D428F789F3C822864A5B47AA4F3AC67,1100081,4,BUSINESS
238761DA58F977ED2A1EB58465CD8D0F,90402,3,FAMILY
AFE5012E30837C9FF1E7382C7633469B,73943,2,SOLO
D90A8599C63A453BEDCDD7AE1DDFD62B,100549,5,FRIENDS
3F48A0CABA88F8478B69116F9A1F1F45,100809,5,SOLO
2C39C3F4D050AC8737174AEB8CBE34CE,1096849,5,COUPLES
227C771EBA61E47C7049C1FA44DB5EC9,224246,3,SOLO
85D6A930A78C7918E738EC7117BB2CE2,247005,5,COUPLES
6C64DCB228E0255547A69C46B138B280,89599,5,COUPLES
249FDB3E7E4707EE7215E45BADBF689E,93450,5,SOLO
827A5A24F3609CD17E65295E925E8541,96735,5,COUPLES
CD5C2A86F1005EBA1B4977AEC2787805,93566,4,COUPLES
CA412D1AF0AA084DD07EF28715E9ECD8,224064,4,SOLO
DF3CB7B1DA196C851F8F1DE663763A8A,119732,4,COUPLES
B0ECA1F7BEE04A5E925BBCBF3880842D,1390862,3,SOLO
950919199B6571171E28DA08DD72506C,1474086,4,BUSINESS
2EC77DB769784D2DE351843A2A4D8108,78682,2,SOLO
91FE4A0910E679B3441A8C1D5D5B1E64,217354,5,COUPLES
102F70F37D446C88E1A7F185243836D7,620374,5,SOLO
C4DDF1E4335846C6FD185DE514E036DD,259008,5,FAMILY
3DF1D4419991C4547357C6C21570C43C,75680,4,FAMILY
34629024EF1FF63F8FEDF9EEEB5E94D6,115484,4,BUSINESS
B4A6BC5752FC1258F42ABCD4C0B36772,1147514,5,SOLO
38D67977532A283979A456430F0B6820,102480,5,COUPLES
C8B1E405FCFE24691EA37257A5ED1C30,1201116,5,COUPLES
949037A77B11EB38264BB42791CC64BA,265933,4,SOLO
20A4EFC475E6F8B29BA0B0040D7F59CD,111428,2,BUSINESS
38D26323CD6052FF9A9BE151E50151A7,96156,2,SOLO
F289A09BA85FD2922C254373E47B2285,95253,4,COUPLES
76369A7DAA488AE00D55717E6F8A281C,1382900,5,COUPLES
BB707457A14128C4D8614139DB36E829,217844,5,COUPLES
C379B629D69FD6584B9690B053F77B19,98726,4,BUSINESS
CF4666D5B4A039D734FA9D2AD250F452,100688,5,BUSINESS
52EE91DAA5F49819C012915D214DB0F0,1123368,2,BUSINESS
10BE6590174588A1D9B12261E99112AD,1144098,5,FRIENDS
32FB8E61ADD599A7CA50185E1F30EC1C,98819,4,COUPLES
B76A40A38CF9CF43A345E500163EEF93,93450,5,COUPLES
5F1EEC8FF5B3B3F98DFE0EA64C6D5CA5,102463,5,COUPLES
69D2153FE951A7B205174BEBAE5F6800,97476,4,SOLO
57839DB0F5E888F6E31598BEE895F8B5,84476,4,BUSINESS
5985491E9CEDBDD4B142991B2C62831C,1230421,2,BUSINESS
FB7CA977608E02497B146145FDE14EC4,223774,5,COUPLES
FF87316F9B085A2C5E349F6F1FCA05B3,95133,2,COUPLES
EE8824C794ADC33CFEAEEF77EAD5F330,123063,5,COUPLES
72C5C4AC2C6C6C26833E14D2E146AE07,119324,3,COUPLES
3198B87FFB8F3A7A3149D085DD24F334,1049387,5,FAMILY
4DEA2F4DB7DD9A9A484958D1DF5DF224,98728,4,FAMILY
7F534661C96D81989B05953307D7571D,673806,4,BUSINESS
D69BBF9B74DC8FBA8535494C400A497E,246937,4,SOLO
97A089D6385A5C450DF067F450A557ED,543517,4,COUPLES
89B81CEFF7E8D40A885FDFC98BE0AE13,256800,3,SOLO
3354085D0D5E9A7863FAA0EBBD28FD2A,217214,4,FAMILY
65CEF8E40827ADD255D79217F0D27508,100994,5,FAMILY
A4C1BD28E51E595BAE45A02A2350F7E6,114938,5,FRIENDS
D46872BB439ADF0726C86A4493FBC9F3,97954,4,COUPLES
D0A646BEA34104573E8B36C7343F79B1,287606,4,BUSINESS
2C1329A86BBEFA86729BA4E030EDCE65,102463,5,FRIENDS
13BEA6F1F6056B9FBEC8C363A525FAA6,77605,4,FAMILY
135B28285CE0B83577E558CA85D4A2C0,94689,5,COUPLES
ED9DC9470DF63BD9151122498916A4A7,1149434,4,FAMILY
8ABBC9D5BE9C941A53BD9270A8D0CEC5,80965,4,COUPLES
9540E205BF0DFAB076B7BB3357AE2A9B,596110,4,COUPLES
1EE66B51AEA8A90AC0B0FEFF9B5B1564,1508562,3,COUPLES
D2F201E8CB66AD9AE711055487D0DFD2,1382900,5,FAMILY
484361F34C9976D49B6AE75BC8F2B6D1,940071,5,BUSINESS
6562BBD4EA770FE84E579622F68FA181,1200603,5,BUSINESS
4BD92D80C4295583CD7E6D8C730FA57C,93732,5,BUSINESS
87EFB64BAB657401734DB46262C1AD83,90518,5,SOLO
A4BDA96C3C1F93AA4177F001A62AC89F,258653,5,COUPLES
8888F2EE4F342A98F568C7B241FC03AA,223886,3,COUPLES
4A8E2679EB497816FE0A4F1913D35F3C,610513,3,COUPLES
74C002ADCE32AE5AC0ECE9993EA0AA74,1230421,5,COUPLES
84A834CC9101D784FD82B48A0FA90C25,1485944,5,FAMILY
4020E1A312CBA2E6F64B84E172C8C971,217131,4,COUPLES
019EF758BBDCA60967E098686B8ABEBC,75525,4,FAMILY
0DDF16C5ADE2D0A5B55E3AC71AB3F5F4,217667,4,BUSINESS
1858AED3E0EBE7A2FC22F15930536CA8,1027494,5,COUPLES
240332824E556434431596CADAC9EA79,645386,3,SOLO
C4786DBD5C9444508CFA1B175346F55A,86238,5,BUSINESS
AA6BAAF1508DD596DA04EDF8B95DE9BE,665258,5,BUSINESS
0981EA43801682A95BC06A103319E6B4,234752,5,COUPLES
6562BBD4EA770FE84E579622F68FA181,120058,4,BUSINESS
AFE5012E30837C9FF1E7382C7633469B,100507,5,COUPLES
EF421A7427F8EAD9AD2B6F57E9DC919D,98306,5,SOLO
BA7999D46A5B282C5655C9A1F35DF1EB,110045,5,FAMILY
A0AA9179916CE2722C87F85CA42B0B40,97603,4,BUSINESS
8B39ADA98C2C606C9EE3FEBF68429092,321151,4,BUSINESS
C128BF7B078C4C9EC603A00AADB6E19B,85029,5,SOLO
4891192B21CA6139D1CDECFCA766C8CA,83555,5,FAMILY
24620F6B29A92E1B585AF28DA85AD035,90402,4,FRIENDS
62946305281D9AD1313FA80D8B9707A7,113883,5,FAMILY
274B863247D1B9EF87F79AC3BD1324D5,80350,4,FAMILY
3177F135E3A22BE2AF5C0094BD1E0A9A,225075,4,FAMILY
515729851A55A42973EC60DB29771431,1123368,4,BUSINESS
76F4649A342535C512648E12843DE681,92775,5,COUPLES
40A08483394013B01E88E7B0355AAAA0,80747,5,FAMILY
A52FB13F9C0C6E6EBB1E99F5CF86C5CD,729441,4,BUSINESS
F255FA102F1555F176DDB60B0FD5B2FE,214197,5,SOLO
9530826ACE5688514409B669EFCD3ABE,253087,5,FAMILY
102F70F37D446C88E1A7F185243836D7,1008621,3,BUSINESS
9E271CD821EC9F8D91F68CD336432239,1144330,4,BUSINESS
1797D93149EECFFC9A16CFE696E10C67,226074,5,COUPLES
73BED0524191DFB94AB901D12413517F,2091199,3,BUSINESS
CAFAF8275C721F57AB58686ECC5AEC41,224168,4,COUPLES
82F05535B57BE1EEE53E36964D522648,107490,4,SOLO
B4FB9CA40C606E7438AB784355C8DC60,300467,3,COUPLES
5206C6778BDB5860EE0DDFC5F941329B,118794,5,SOLO
AFE5012E30837C9FF1E7382C7633469B,513075,5,COUPLES
0E3D384634F039C67058E68104A147AD,78767,5,SOLO
799E2A7FC93EA086C9DC162B6A2F34CC,258645,3,COUPLES
135E0DE67E438508DA6365485F0E6989,224856,5,FAMILY
106952AB894E1236A6094B030DD73C8F,93593,4,BUSINESS
5E19A1409344523ADF8C714C1FBF9079,619205,4,COUPLES
745DDA3E4934D28BA8A7D6602A127EEC,1600271,3,COUPLES
9C7CBA63899D175440821F1A30FC0E44,220059,4,COUPLES
96240841B082C641DC82E1D4439366F6,265933,4,BUSINESS
8853A3DB8C9627D73CCD38C038C6BE25,1464979,4,BUSINESS
5E1B87E273744436C854D09E07E98D87,113940,4,COUPLES
9297A01AC8109772E9BDF59B231740DF,641273,5,COUPLES
59F47E2A65FAEEEA52819993E4448B3B,224076,3,SOLO
5C28F393B23BB894523AE7126A7AE445,79061,5,FRIENDS
952E8B67FC1661A8095C2C3E0A64CC0B,91907,4,SOLO
D4B2CF4F04C59313309A870BF2D61503,1804810,2,FAMILY
0E013A4876DCE458E9810CD37661C2B9,88349,5,BUSINESS
C0B127F35BD7683362086CCE3A926BA9,281510,4,FAMILY
5C4F674F3CDFD01D3AC785B07852D1AB,77827,5,BUSINESS
55B4C9908A05D901269C32B31DB316A9,1514254,3,FRIENDS
91430601B32AD9BD5303F58314D381A3,102033,4,SOLO
043F5EF06A34DCA64FD3778A9DBF65E5,446414,3,FAMILY
106952AB894E1236A6094B030DD73C8F,82296,4,SOLO
5985491E9CEDBDD4B142991B2C62831C,1149434,3,BUSINESS
4C859B57C442A9794B5F28AA4E61C599,114644,5,SOLO
ADC3428D822BCA127C73F67E08DAA835,1049387,5,SOLO
79D626B018247738E9E1475D2129BE68,97479,5,SOLO
6ED47D33A0642DB133B055F66BD57953,80483,3,FAMILY
AF60CEC4655DDB0E3307C722CE76E07B,112179,2,FAMILY
FC25E445C8851E2AA658F0F9F5AD58FE,112132,4,SOLO
49D9199B68F455F5C40F8D9414515471,100585,5,FAMILY
AA89D0D60E8BD93545C38E9482914D9B,93351,3,FRIENDS
633DF0281895553B8712DA6D493ADEFC,287392,5,COUPLES
41022F3AFD193FAE10C15FC1FB9E0265,88358,4,FAMILY
987ED807AD39A1697B27530C86F124AE,226951,4,COUPLES
A3271C16990076A1C5D23C71DC6C0320,1176627,2,SOLO
1F59C965141F888A8BD93AF03B11E2EF,80821,2,SOLO
34629024EF1FF63F8FEDF9EEEB5E94D6,777199,5,BUSINESS
CFD2B5CAF553E0B4A02A145624F03E31,84087,5,FAMILY
4CCB5A52987812ED0C08F1ABCBF5F7B4,1199588,5,BUSINESS
C1EC185DB943128A9A99F5BE4207E4AB,1144098,4,BUSINESS
C49E042A94AF37442D0B90A97A19BF16,1144098,4,SOLO
7E10C3204C2E11D9346B54CF0B00B99F,102519,3,FRIENDS
FB4655D6425D14952A165A312DE606E5,777199,3,BUSINESS
9DE56002AADDD90FF722A259A2137501,100938,4,COUPLES
ED208173143D78464EE600230906A609,81861,5,FAMILY
BE7C985F01950F363A1D5A1DB8FDB0D1,482154,4,SOLO
DEF88C80E026A7092128C241FABD8CC7,120056,5,COUPLES
782BB2F301198683BB3D017047C5C364,1027494,4,COUPLES
9E8A51C21FE76CAF8BCD0BE752DFCDFF,217397,3,FAMILY
8164ECAF304F8807B349A8DD7A488D36,209382,3,COUPLES
FA9C92497E82E0A357AF4EC6454916E7,225120,2,COUPLES
6F8AAA29B74B35EB7712B2C1F8E9F209,287606,4,BUSINESS
ED8ED57C53C4BB84873F3E5D3FC34BB1,84476,3,COUPLES
6C2292EDB6C7796958AE40B80CCCE742,224279,4,FAMILY
2EB7981F6EE0CE6196040C10E29C8ED9,649230,5,COUPLES
32031642B316E7387B707D991EA8DCAC,89358,4,COUPLES
0E6C20A47DC8877FC2005910D24DBACB,84064,4,FAMILY
53D61CFEBEED409636041A661163F769,673806,5,SOLO
68487B40EC5ED9FA2F73DACFC06C0078,91925,3,BUSINESS
C49450DC9B4486D0A1A0CA81F8F9F555,1718438,5,COUPLES
A48806A6CA9183949AC66F9A192256EA,224427,4,FRIENDS
412B6F58BA09A3563A0B7CC1B1A5CD7C,1214474,4,BUSINESS
A022D6442BE48000900A757402FC3D77,76049,4,FAMILY
D0092A1B3A342A3063037D9AD766FD61,83020,2,FAMILY
A57F17BA6B718AF9B15A32D88A98C3DF,587524,2,BUSINESS
B3DCCE0262A897A476333D3DB0B636F5,85775,4,FRIENDS
EFEF913931C1493660E466A1980CA682,99535,4,COUPLES
201981FE25658BA80D20A903CD82D13F,1157336,4,SOLO
0837B10F769848B8DC800FA247DD5B6D,93340,5,COUPLES
024174908A7172EA22CE177E22752987,115484,5,BUSINESS
01A468322D428D652628E35840150FA1,1049347,5,BUSINESS
F063626EE55DFBAD3F4858EB37CA5529,585109,5,COUPLES
80E480223020CD928EE16EA1C994F102,217844,3,SOLO
68250F23401E2665B5A8AC1EA966C18C,109513,5,FAMILY
4020E1A312CBA2E6F64B84E172C8C971,224879,5,COUPLES
FD686E6255EEFF417C5AB93BDE9D8CDF,75680,4,SOLO
1EBDBC8876975615AA72806BD67B5069,91925,5,BUSINESS
21105B31AADCA8E227BED193C224A866,223386,5,FAMILY
D513E36D7E156A4E05E43D663CF26319,589298,4,SOLO
20556A7EE82818343627F0A703D2843D,93450,3,COUPLES
82A90367B9A77A1A176061D47EC9D326,123063,4,SOLO
395D3C2187C755DCE852D74D8D3DD8D7,223017,2,COUPLES
17B715FE8A1E8E0D25486475D346B61E,99535,4,COUPLES
A760C97CA41923C241DD520F1529AD4A,501102,3,SOLO
7BC0AF07CC240F2F614A865BBE21B5AA,223681,4,BUSINESS
D1DD8EE567F2E8490D81D16E64D3F0B8,74199,5,COUPLES
F341E8B883789CFBAD29621979596770,118783,4,SOLO
B81BB8674DA2A19101648C7D08970D13,100994,2,COUPLES
CF562170941F6AA462D7996BF70267D5,100504,3,COUPLES
8B217503C8ABF85A710B774C7E941805,78851,4,FAMILY
5100919DBA6B442ADCE7E38A8978240E,1025776,4,FAMILY
361D89F2D5CCEE7A83F7FC47981FAF8B,123343,5,FAMILY
C4594225F2534C91263C614E245C9FB8,81705,4,COUPLES
722C5933CBFEB0CCFA7E4232036DCF9A,607413,4,FAMILY
8ADB6A0CB661D8AE352159381AF92D20,113883,4,COUPLES
7AF15BCDC4438266C9F98C7CEE4FC040,181714,5,BUSINESS
AA4EFFA115B265BAB355A224FC824F75,96688,5,SOLO
58EBE5AD95FFBBE9F30465DD338FCA36,123534,5,BUSINESS
A7898FB0545148ADD8385226A013E8F0,142074,4,BUSINESS
F6CF03D6B759EA5C2394037470DFBDDB,92749,5,SOLO
FA53B664D46DA0D266F7C4B326157D81,1549318,4,SOLO
642938B7FB7459BBB492DF80F66922B5,78046,5,COUPLES
2B45F1731D019AE726D7DFAE7279EA02,85821,4,FAMILY
168EB51F99353D2EA3E4B86D787BEB84,75726,4,FAMILY
7A2572AE2361CDCF279682D0EB26DC47,92481,3,COUPLES
21CF526100C7199777F49198EB47BE4A,114942,2,FAMILY
CA0CE25F4AD99CDA6D001515A4684541,119352,4,COUPLES
D72A04419D9716B4B8BB55DAC8CCAF4B,81204,4,COUPLES
545805FA4CB4859B02F5FCA3D72A87AB,665258,2,SOLO
179ED7118FD44492860095B03D25C1FA,111428,5,BUSINESS
7B6D61D793A056454E07C0E28A7833DC,121543,5,SOLO
2404E3630B78BB9E8D6583076FBA0742,1572980,3,COUPLES
CEEA937FD4D0920250CD7D133D15818D,657712,4,SOLO
2231F7619B1737F4BC0C404672DA5832,1862847,3,SOLO
14F9B392848F139660667B2E7AFFF3E1,239350,5,FAMILY
62697A2C345F785101E6745996E41069,73943,4,SOLO
819CEA5F7E397DB8672AC0E1FD56F489,74395,4,COUPLES
A7F1C0984EBCFC8AC48A352AC7A910FE,224305,5,COUPLES
A22F9C65FB3A6535BF11FD921184D9D0,81656,5,BUSINESS
8EE0E6342EE76531C19BB545A1A8CFBC,120210,4,BUSINESS
B23BC15BF4BDBC1CB078EB0CB2926E81,84082,5,FAMILY
18FBC94CBDB9285041011AC0CAA192C8,87660,5,SOLO
3961030892189B575CE21474373E8D8C,115484,4,BUSINESS
966692536E0E6C770690211AB711F813,878358,5,SOLO
CCDA857F2096B8E9444E15735BD60FB0,98952,4,BUSINESS
FA9C92497E82E0A357AF4EC6454916E7,223620,4,COUPLES
BCBEAF2A6AF906A3E5D7638506A0F9AA,1484384,4,COUPLES
81A494EE283B8F74A9374491CB7D947D,85205,4,SOLO
7F534661C96D81989B05953307D7571D,619451,5,COUPLES
4A936F096D13081DACA78BE93C34C252,224313,4,COUPLES
1006D388DAF6B0EDE61F043069C8EF56,224953,5,COUPLES
BF67CEFFFB33EBA73AFA8865045F8090,650054,3,COUPLES
61ACFAE7AD041E78E0AAAEE990401124,482154,5,FRIENDS
CC30BF32977D52234705DAA1ED3EEDDB,115484,4,BUSINESS
8D378062445DB61AD144ED1CA65F3064,224948,3,COUPLES
B9FE5D8E1E3F84E2C2AEA9E0F8A3EB92,109335,4,FRIENDS
015DEC2DABEA8A0987A5360168B75E9B,97588,3,BUSINESS
885B5CD7B1E32B9A268148B3F42F2D19,83051,4,FAMILY
1EDCF6BEF9BE406A9912730E5E337A04,570084,4,FAMILY
FE3F016ACF4B3F2BD27A68A15CE3512E,94367,3,SOLO
2134722F8EBD532492D9C04E5A50DDF0,574449,4,FAMILY
BE6268A41A779EF80EC372CA6F07DA6B,97503,5,COUPLES
484361F34C9976D49B6AE75BC8F2B6D1,77804,4,BUSINESS
D62421AE058044AADAEB10F994C4BD54,91509,4,FAMILY
C9DBE29AFFDA6C14551F2DC7B4533B36,281828,5,BUSINESS
1F59C965141F888A8BD93AF03B11E2EF,78046,2,SOLO
E2F212A5985B8EFEE4F0B6428D9FBC67,98188,4,BUSINESS
08FCA0A1CEFF21FD06910908806308A0,235133,4,BUSINESS
4F18990EA03F5EB92884CD88824F7A25,578190,4,COUPLES
C226D518823201D48C016EA9E317D7A6,630950,4,BUSINESS
5C0A0C92CD8DC9FB0BAC8E78B85BB727,142133,4,BUSINESS
0884D06C198DF77676521FF846ED8DA5,99073,5,BUSINESS
B4A6BC5752FC1258F42ABCD4C0B36772,258647,5,FAMILY
8D1AB5BA5F6B6FE620BB06B0F699DA91,72993,5,COUPLES
EF5F9538199FE0D219BBBE8A78A88B9A,483257,3,FAMILY
395D3C2187C755DCE852D74D8D3DD8D7,94696,5,SOLO
CCAC40263D6A9BB5095CFF4E0C5F974F,579764,5,BUSINESS
52BEEF4B258D898CC17CB1CCC3A27981,72396,5,COUPLES
2B39C05BFB12C1DB3CAB6EA17418AB7F,1862847,3,SOLO
1E95EFA5B5F4DFBDB57A3799FC712A7E,93593,3,FRIENDS
00BBAC3339F576E164FF9F627489481C,287392,5,COUPLES
303CE0F06655C73D21A63171B64DF6B7,1100043,5,COUPLES
9FF630DF29C67791978600FC5B2DBFE8,223983,5,BUSINESS
27EABA21DBC2D3F91163324E18B9CF5E,85380,2,BUSINESS
7F71AB979F8D40590C760559ACFAEC08,223951,3,BUSINESS
1C63236B5D7D8736287996AA520A8C80,1182264,3,FRIENDS
B3E3EB12C14C96E30750E721408B02EF,224248,5,COUPLES
FD1B8050CF28BAF24F1A1C7E60D9A092,224064,5,SOLO
9E4180E1B7994B50726E8C7613E1F45B,1382900,5,SOLO
2DD913D1FE05AF081729771A0B81FF11,98709,4,SOLO
0C463716F092E6717A5E0BB8D53B2C1C,234752,4,BUSINESS
B3F393952CD2CD51345B40C3E5B8D2D3,88245,4,FAMILY
3629BA20E9A534CD6EBF1A67650CAF71,1101955,5,COUPLES
6C62B19C4DB8C600576B763C68AF0759,225031,5,SOLO
A94BDC6F762B5CE69531CDC733612D66,80983,5,COUPLES
A809AF23DDBCE87B17A608CE1A892699,92749,4,SOLO
A52FB13F9C0C6E6EBB1E99F5CF86C5CD,74341,5,FRIENDS
B3C3AAB7A462504DB4032A9226B61682,84087,4,BUSINESS
7BC0AF07CC240F2F614A865BBE21B5AA,220075,4,SOLO
182411D2044991B2E68479D62CFF75F8,99109,3,FAMILY
821B66137FC31991DD16AEEB9DD6A148,225133,4,FRIENDS
9DE929C2B1CE073532F9F069140835E6,782678,4,BUSINESS
CF061E349CE2D8A73E74608E6ACB9009,612781,5,BUSINESS
2DCFABA4B81B82C38E18B4A9E052D363,84087,3,BUSINESS
E4FFA2A73B72B3CC8D1837E068C854D8,92711,3,BUSINESS
D7E558988172E3D3CE13C2C0FDC8AA24,224305,5,SOLO
28149DE014724E118302D39C01192CBD,112188,4,COUPLES
12FA7137CAF0B5B09870016E2DE5A5CB,74124,5,COUPLES
8FCA30E49281CF67AE1CB6E8A2E95712,119493,5,SOLO
B5BB3E0C885910A11A102246B76B2728,1147514,5,BUSINESS
01734D386264A7F3355F15A5126FB60A,247922,5,FAMILY
11B531C19BFA96B876F696531CCCFA62,244404,4,BUSINESS
CD6205B2C15BB5AF0FE7F22F34E87127,253085,5,BUSINESS
F73679DAB6CCA58B470CECB525E5C40E,93755,4,BUSINESS
C226D518823201D48C016EA9E317D7A6,2155705,5,SOLO
C34CB3A6DFC95B0E698F1FB7A8A4D427,1206274,4,COUPLES
D8E6A0350C5599211552E8E7498895AF,102577,5,FRIENDS
C49B8B760F17AC3FA50A5F89EF38E9FA,1113787,4,COUPLES
B74EA93725FB36350A72EE7657AE8E7A,92720,3,COUPLES
E4070BCAA8AEFB32F3949180A345B676,226023,3,FAMILY
AFE5012E30837C9FF1E7382C7633469B,85885,5,SOLO
22AF47898D9A8220B1F9F62DA1AC06D3,95843,5,BUSINESS
F10D0F255AD0D19E79C9144C59AF0371,84087,5,COUPLES
E2F212A5985B8EFEE4F0B6428D9FBC67,579764,4,COUPLES
D0092A1B3A342A3063037D9AD766FD61,94163,5,BUSINESS
19C664535CEDB35E3320C0BAAF80E98F,782678,3,FAMILY
003BC319571635C677EEFC610BD066F5,73943,5,COUPLES
1F59C965141F888A8BD93AF03B11E2EF,79558,5,SOLO
8C23B00D512E68C5C6D10ABEA1E8D36E,498304,5,FAMILY
036EEC64945959E1A09650741F3A9B12,112092,4,FRIENDS
FD394B9D169121552E8EF42B0D650307,80255,5,SOLO
3354085D0D5E9A7863FAA0EBBD28FD2A,601419,5,BUSINESS
D7450BC2CB5DE72C7255061B9C360DB9,83046,3,COUPLES
CA412D1AF0AA084DD07EF28715E9ECD8,90003,4,SOLO
E2F212A5985B8EFEE4F0B6428D9FBC67,571835,5,COUPLES
808C21D5621C601077234855B776452B,223860,3,FRIENDS
31A060CAD092A2FE14810461118D3389,123022,5,FAMILY
75D2B2509A733463F97A52877D078D86,84062,4,FRIENDS
361D3EF7C8EDC601D828A7052C19B1E5,75677,3,FAMILY
C38FFAF33245B96D27F8E1F2BE3897FF,288605,4,COUPLES
C058685A7AA46D2D898089F904FAFD3B,93396,4,COUPLES
0EEA7AFA826A8560218C36BDF8FBD0CF,93450,5,COUPLES
29154F6437555A87C0F2FC7B2E7990FF,96154,5,SOLO
14A22CD98A45EAF270C308D78AC317D6,85775,5,BUSINESS
A10436CCAA3FEB0E277A4871B34A85BF,105443,5,COUPLES
DBF8981D9501072777EA49FBF7465E88,781627,5,FRIENDS
49D9199B68F455F5C40F8D9414515471,97704,4,BUSINESS
80E85BC32CDB3F680805AC161A3CD172,224875,4,FAMILY
6E4B634C1E946B01A6B668EF8E7612C4,75876,3,COUPLES
1D4375564ACBF09100851CA78649BFD9,1485961,4,FAMILY
4480B7134B7627BB3494D870CC78EBC3,81352,4,COUPLES
52E744313F7D316C630F4ADC36A7DF10,1546401,5,FAMILY
B70B4F3CE33393FBEEE1851978A3F649,101022,2,COUPLES
9F185196EE7A5F75DAFE424C0C4A59A2,1056556,5,FAMILY
9FB0C1AA750D49C8C13B505AFB035F41,611947,4,BUSINESS
ACC2072CE16FB5B8CAA225CF2B08AE2A,99510,4,COUPLES
3042D5F438B6F6ADDDB43FBC7B7B7ECA,283873,5,FRIENDS
FA4E407400B9B02C67E6DF814ADC8A0B,115612,5,FAMILY
CE0A0177A6AD2ADF0AB3A10CA88E0C71,1409115,3,FAMILY
57A726DFC7BFF6A92741491E974A4DE7,1382240,4,FAMILY
3147DD38F2722AEB80D0488E05754BAC,84131,5,FRIENDS
B680D2247926F4D91C0F877CD65C9031,114942,4,COUPLES
795036FFB4DDCC28BDCBC493266B1317,122703,3,COUPLES
3E5AC7C70A0E6105C852C8E3A2B58469,98574,5,COUPLES
6E38465E98FF926290F45D41465785E7,112347,5,COUPLES
6562BBD4EA770FE84E579622F68FA181,224875,5,BUSINESS
09086721BFEAB4B216B03E5DE58B0987,85772,4,COUPLES
D3528207A4AF633958985EA2B0CF8760,109513,5,FAMILY
939A1345131A2D77ECCA4FEFC2DCF170,112188,4,COUPLES
1731A6FD583450B141EDE522189F601D,82285,5,FAMILY
7DDBD21741629772D9B47D606998B67B,85420,5,FAMILY
1E76BA687E8C92E553CE7639B24241B5,95716,4,SOLO
333BD3BF96C93CAEFE202392FBBF818B,84502,4,BUSINESS
68C832C0C0890D45ED0E94AD3D5D3E5F,96143,4,COUPLES
AAC61EC690C6A73C51B68DFD62142009,100542,4,COUPLES
8A11D3194C0A077EA70711F99CEECC4E,93396,4,COUPLES
3C5572867E3D5E6F4A88E2D1449A7FF2,102577,3,FAMILY
E5215F5EC19594199FF449B093740BE5,105652,4,BUSINESS
BEFFE23DD867FBF0BB10865D7B6911DD,95183,5,COUPLES
26AFC9E8C2FB1A86E2672BF7DCE889BD,240589,5,FAMILY
18C5304CD73FD18C0571CBEFE009CF91,112132,5,FRIENDS
BCF892CEE1BFB395CB35A68892059495,83040,1,FAMILY
D7BA46C29CE6F468AA41419E89AA7546,77040,5,COUPLES
8115F4B09727A09445DF6FD57116E4FB,235513,2,COUPLES
CEBDDB28242A688897619B625E9738C2,1746459,4,COUPLES
A55D2FFA73774725E57E44C878A7AD67,86696,5,SOLO
67997436AAF778C4C049D55338E5C2B2,98674,5,FAMILY
7C799028D7AE9293CDFAB92D956F8218,218752,3,FAMILY
934B94D337781A66705CD7AA4C6840AD,1201119,5,SOLO
C465BDEC45D8EEFEDD40F43C99EC51AD,610513,5,COUPLES
3C9C1629497E6CF350AE18561F965BA2,585114,2,COUPLES
0EEA7AFA826A8560218C36BDF8FBD0CF,115494,5,BUSINESS
84E1E6DFEABA0E004D9B1578666BDED4,78694,5,FAMILY
85AEF3AD2C6CFF9EF0C12E103ACE83E8,84090,3,FAMILY
A398025473E5519D4EF4F802E714CA52,253144,5,SOLO
0B3B44577ACCD2E914446B11DA39F194,79682,5,SOLO
8175B75E03CFD3369EDC9AB78B879AEB,94371,4,SOLO
F16D133CBFB741BD28F2CA5429558A0D,795770,3,COUPLES
A760C97CA41923C241DD520F1529AD4A,1075397,4,BUSINESS
83B2E4724FC73A1DF8E55ED8910B5E5F,1762915,3,BUSINESS
08FCA0A1CEFF21FD06910908806308A0,100569,4,BUSINESS
7EC07B46E977EDA98B60540B2015C825,92775,5,COUPLES
56AF86F93DA021BD6F259E79F06AE43D,613399,4,COUPLES
F97717A3B4E857D05C97675E1C9E9127,75097,5,COUPLES
FB85200105F77A5CAB662E944D984E6A,84092,1,FRIENDS
7792079DE43914490E8112603D14AE36,225190,3,COUPLES
FC946FDFB367B4AF04A90BC6297F3FAC,665258,5,SOLO
6FF4FED899C314E3BD723DDD6AE8899F,81204,4,COUPLES
08330765158B57069CED317243A1C310,219668,4,BUSINESS
08FCA0A1CEFF21FD06910908806308A0,507339,4,FRIENDS
96EA8F3808CBAC76A13064424A6654A0,1370955,4,COUPLES
DD0BC0C5C498161FCF7B562B94C7997C,622787,5,COUPLES
9DE56002AADDD90FF722A259A2137501,224460,5,BUSINESS
EF45AC52D243C9C4B50AC9FA9903C978,98856,5,FAMILY
8DBA7E3764DED265E7D50A482D6F8EEA,112092,5,SOLO
184B16C379BC7D1D676E5B3727CC688C,225133,4,BUSINESS
AB1DB6951B4AC73D77E1B5C68E972F07,611947,3,SOLO
AF286C13954470EAE975D4404A8900C1,505787,5,COUPLES
5DDB06A6A3E085D4BC035EE84A79B3CA,224877,4,SOLO
AA6B92D37F0A43A4B1FB4910ED7F5E72,208755,5,FAMILY
A48806A6CA9183949AC66F9A192256EA,81699,5,SOLO
6E968F538174EA5ED9D3EBE7601463FB,223860,5,COUPLES
4D015A47787CD291CCE264D2794CC849,227074,5,COUPLES
4891192B21CA6139D1CDECFCA766C8CA,1556831,5,FAMILY
C4EC12EF67CA62E2EEEB71A8BDD9FDFF,234752,3,BUSINESS
1248A1751B3B2E37E492E7042EB90DAF,98819,4,FAMILY
84908A3B3A14F3BD443A288144B3DE6C,102463,4,COUPLES
3629BA20E9A534CD6EBF1A67650CAF71,114942,5,COUPLES
C1EBE43019510AEBDDCA7A1D0D52C0E9,93450,5,COUPLES
30B32D005CE6EF85EE73A328D191DCE4,114942,4,SOLO
6A0B4D12A8705EF435B7436B8F877CCF,119324,3,COUPLES
833E42E1FF714F856709064FE81BE593,302329,5,FAMILY
83764AA0BD4828CCF6E0959C143DED8B,214197,5,COUPLES
9E8A51C21FE76CAF8BCD0BE752DFCDFF,98306,5,FRIENDS
F2D4E2C56047A28E782B572248BF0CF8,93340,5,BUSINESS
770AB3F81400B4B1A26F6101192B1B85,1382900,5,FAMILY
1D12F0102452A1358B44AA6707F2C52A,95843,4,COUPLES
003BC319571635C677EEFC610BD066F5,268262,3,COUPLES
4891192B21CA6139D1CDECFCA766C8CA,1415127,5,FAMILY
74BCE9EC01E24643E7A3A596BACDD467,113856,4,FAMILY
2CEFB076C1F40AB702CADD7FC6E37862,98474,5,BUSINESS
FBC2EEDF6BCCA5852DFDA8DA705BC96B,90510,4,BUSINESS
BBEB30494349C535626A677572346D4A,224783,4,COUPLES
69D2153FE951A7B205174BEBAE5F6800,219418,5,SOLO
618D3587507313F00DE33C54DD609887,259267,1,BUSINESS
718748B9BAAEB7915E976DA0F66BAD47,611947,3,FAMILY
DB08222D2BFEF809325234A7B6E5543E,123063,5,FAMILY
A69F1C0EBDC6E9D0AC2CBE19F5DA9B8F,93396,5,SOLO
F5C425A6A4FD7363FFA4C542D137201B,505787,4,SOLO
B26E7D5DB1C5C86A8E383E57033D4B84,281240,4,BUSINESS
B790661242CD5752412D42B1E56F30A6,287392,5,COUPLES
D16B93DE1F933EB561E94E28946C1C4E,120056,4,BUSINESS
D2A3BF990FEFFBDDB8E19017C35E370C,576787,4,COUPLES
CDE1FE37B47C76DA189A961008EC0D46,93624,4,COUPLES
F12B3E112A6184E647EDC3CE1727B433,1015206,3,SOLO
31A060CAD092A2FE14810461118D3389,102025,4,FAMILY
574502E6F65C29C3DD847600D8AC2768,1164933,5,SOLO
5985491E9CEDBDD4B142991B2C62831C,87986,3,SOLO
3819C0A9788F1B27C3E6F499CE6E5471,1465044,4,COUPLES
2D428F789F3C822864A5B47AA4F3AC67,1762573,5,BUSINESS
5C37D10C364CE089465D2AAC4FD169DC,1503474,5,COUPLES
50D1605417682B402BF8ABB0EFD5CC9B,223017,5,COUPLES
2FD8A6EF63B0801DE00B67312D713B15,95732,3,SOLO
4B793335BF70218ECED4F37083B73CF9,2014285,5,COUPLES
50D1605417682B402BF8ABB0EFD5CC9B,112134,4,COUPLES
AA963DC394665875756CBD86F32DE081,595663,4,FRIENDS
0DF64CD9F8120B38E46FEE491637F081,528271,3,FAMILY
ACBE9CAA8D58CE03A557C5A110ED28FC,1510002,4,COUPLES
457520A7E3B9CCDDB52BD4FC6F1772F6,625299,4,SOLO
97F91DD66CC08B6159CE6A6CB359C893,574805,1,SOLO
55B4C9908A05D901269C32B31DB316A9,621641,4,SOLO
16CB17FCE3A355C129E861089A47DEF9,91907,3,COUPLES
88EB6C8755E9DD9D2515BA052E8C5079,93115,4,SOLO
66E9E3255742AA503E4F96B24FE9022C,1048655,3,SOLO
97F476E302F38AF3A709619DD7B7949A,634238,5,FAMILY
A4009FDE2C6D87316038FA153F1CC8CB,85380,4,BUSINESS
58EB321C1E770B5643EAF268B25A7522,106479,5,BUSINESS
8C4C582ED81DAB758AE71DA6D5F4CDE5,1724006,4,COUPLES
05A7527A96BC315E9ABECE659DB3687E,220075,4,COUPLES
122E288014A87B164AAD57A9731A28D5,92711,5,BUSINESS
F799EA6C8790FB510CF95582845ED494,77326,4,COUPLES
4FEDB7C1E172DFD94AD32F1A28CED678,498949,3,COUPLES
A1B6BC49C6E44F74B6B3BD4ED76796D3,224096,4,FAMILY
E268111887A9536CBEF7A3E820935291,208755,4,FAMILY
AA6BAAF1508DD596DA04EDF8B95DE9BE,112188,4,BUSINESS
4A936F096D13081DACA78BE93C34C252,85380,5,FAMILY
2134722F8EBD532492D9C04E5A50DDF0,217214,4,FAMILY
697FD61C72508D7E23F632A2D1555BC8,1479971,3,FAMILY
CF51BD91F145284E156A0A54D2707EE2,570084,4,BUSINESS
C29B9E915957DC58F447BE485ECD85ED,1938661,4,SOLO
3A7AA22296414516E7B0E3C5F8A39C10,78694,4,COUPLES
EBC02EE6D64308771701C1D7F435500A,226343,5,FAMILY
885B5CD7B1E32B9A268148B3F42F2D19,85377,4,FAMILY
34D5B7AE0F550385CEE072B92A0932F6,89617,3,FAMILY
C7DDC0C506556C5019256F0C3D1638AB,98306,4,FAMILY
1D9F982DCCCFC080D22F0CC445BD21E1,96791,5,COUPLES
1897775C064260CD5125A9D12D99F582,224279,5,COUPLES
1B86CE116360DCBDE4BD82BAF45A8353,97704,4,BUSINESS
75D2B2509A733463F97A52877D078D86,300467,5,FRIENDS
F8740706F5BD9058E5056415FD421005,258647,2,FAMILY
085C1232D46A3F349404B86EC4AD3E84,1510002,5,BUSINESS
8D1FAD5DC2E84526BF93E620B6138086,79061,5,COUPLES
B74836EEEB5B363EDE997A88C3B85A38,557211,5,FAMILY
5432E1CFC94D630816217EC21FAF5D55,112124,2,COUPLES
1A98BF471F296E0C4A6FB97AA6A797B8,1479294,2,FAMILY
7A5F7EBBEC13309F8C2188C6F3C4AB0D,89377,5,BUSINESS
A3B7144E5AC775AE3291B91DE471071B,480622,5,FAMILY
47A2090DA0AE6750D3E35D9A8919F79E,74467,5,FAMILY
C540D0549DD2FA885FDC4B29428B8784,89343,4,COUPLES
58ADF3389B2814CEE9D8AF2E6B488F7B,235133,4,BUSINESS
5A4B8F6F36C7537FC6E78C370034E5B5,89575,3,SOLO
